Date,Title,Amount,Type,Category,Account,Year,Month,Day,DayOfWeek,IsWeekend,Month_Name,Is_Income,Amount_Log,Category_Encoded,Account_Encoded
2025-07-01,Parkir,15907.28,EXPENSE,Tagihan,Gopay,2025,7,1,1,0,July,0,9.674595007379622,5,2
2025-07-01,Iuran Bulanan,12793.08,EXPENSE,Tagihan,BCA,2025,7,1,1,0,July,0,9.456737842921594,5,0
2025-07-01,Streaming,13464.1,EXPENSE,Hiburan,Dompet Tunai,2025,7,1,1,0,July,0,9.507856431879837,3,1
2025-07-01,Warung Nasi,17475.95,EXPENSE,Makan & Minum,Dompet Tunai,2025,7,1,1,0,July,0,9.768638148859369,4,1
2025-07-02,Internet,11967.09,EXPENSE,Tagihan,Gopay,2025,7,2,2,0,July,0,9.389999220239458,5,2
2025-07-02,Gofood,12037.66,EXPENSE,Makan & Minum,BCA,2025,7,2,2,0,July,0,9.395878416987925,4,0
2025-07-02,Tissue,12307.09,EXPENSE,Belanja,BCA,2025,7,2,2,0,July,0,9.41801204873239,0,0
2025-07-02,Alfamart,16031.74,EXPENSE,Belanja,Dompet Tunai,2025,7,2,2,0,July,0,9.682388160503988,0,1
2025-07-02,Bioskop,8930.56,EXPENSE,Hiburan,Dompet Tunai,2025,7,2,2,0,July,0,9.097346350662937,3,1
2025-07-02,Iuran Bulanan,1011.65,EXPENSE,Tagihan,BCA,2025,7,2,2,0,July,0,6.920325936155989,5,0
2025-07-03,Streaming,4068.55,EXPENSE,Hiburan,BCA,2025,7,3,3,0,July,0,8.311287707213303,3,0
2025-07-03,Makan Siang,17301.34,EXPENSE,Makan & Minum,BCA,2025,7,3,3,0,July,0,9.758597031454652,4,0
2025-07-03,Tissue,273.11,EXPENSE,Belanja,Dompet Tunai,2025,7,3,3,0,July,0,5.613529485678639,0,1
2025-07-03,Belanja Mingguan,8251.71,EXPENSE,Belanja,BCA,2025,7,3,3,0,July,0,9.018296910237876,0,0
2025-07-04,Parkir,8722.01,EXPENSE,Tagihan,Dompet Tunai,2025,7,4,4,0,July,0,9.07371964082715,5,1
2025-07-04,Streaming,5265.33,EXPENSE,Hiburan,Gopay,2025,7,4,4,0,July,0,8.569089004253087,3,2
2025-07-04,Cemilan,13467.9,EXPENSE,Makan & Minum,BCA,2025,7,4,4,0,July,0,9.508138603115095,4,0
2025-07-04,Belanja Mingguan,224.99,EXPENSE,Belanja,BCA,2025,7,4,4,0,July,0,5.420490750505713,0,0
2025-07-04,Bonus,223016.47,INCOME,Gaji,Gopay,2025,7,4,4,0,July,1,12.31500538818095,1,2
2025-07-05,Internet,12773.71,EXPENSE,Tagihan,Dompet Tunai,2025,7,5,5,1,July,0,9.455222714227158,5,1
2025-07-05,Jajan Sore,6691.51,EXPENSE,Makan & Minum,BCA,2025,7,5,5,1,July,0,8.808744269603327,4,0
2025-07-05,Top up Game,11737.77,EXPENSE,Hiburan,Dompet Tunai,2025,7,5,5,1,July,0,9.37065231787629,3,1
2025-07-05,Investasi,138872.97,INCOME,Goals,Gopay,2025,7,5,5,1,July,1,11.841322110172753,2,2
2025-07-06,Cemilan,12173.07,EXPENSE,Makan & Minum,Dompet Tunai,2025,7,6,6,1,July,0,9.407063558996267,4,1
2025-07-06,Cashback,152411.12,INCOME,Goals,Gopay,2025,7,6,6,1,July,1,11.934343446631589,2,2
2025-07-06,Gofood,15600.68,EXPENSE,Makan & Minum,Gopay,2025,7,6,6,1,July,0,9.65513387974692,4,2
2025-07-06,Bunga Bank,2515.05,INCOME,Goals,BCA,2025,7,6,6,1,July,1,7.83044549043686,2,0
2025-07-06,Air,10279.4,EXPENSE,Tagihan,Dompet Tunai,2025,7,6,6,1,July,0,9.237994448757998,5,1
2025-07-07,BPJS,1421.23,EXPENSE,Tagihan,Dompet Tunai,2025,7,7,0,0,July,0,7.259981341306536,5,1
2025-07-07,Tissue,7053.63,EXPENSE,Belanja,Gopay,2025,7,7,0,0,July,0,8.861439417837207,0,2
2025-07-07,Streaming,6590.45,EXPENSE,Hiburan,Gopay,2025,7,7,0,0,July,0,8.79352863364244,3,2
2025-07-07,Jajan Sore,5344.78,EXPENSE,Makan & Minum,BCA,2025,7,7,0,0,July,0,8.584062743588712,4,0
2025-07-08,Bonus,182199.91,INCOME,Gaji,Dompet Tunai,2025,7,8,1,0,July,1,12.112865258307048,1,1
2025-07-08,Belanja Mingguan,17338.67,EXPENSE,Belanja,Dompet Tunai,2025,7,8,1,0,July,0,9.76075221901157,0,1
2025-07-08,Pulsa,9727.48,EXPENSE,Tagihan,Gopay,2025,7,8,1,0,July,0,9.18281294509393,5,2
2025-07-08,Insentif,288724.05,INCOME,Gaji,Gopay,2025,7,8,1,0,July,1,12.57323013015844,1,2
2025-07-08,Kopi Pagi,2260.95,EXPENSE,Makan & Minum,Gopay,2025,7,8,1,0,July,0,7.723982552099312,4,2
2025-07-08,Tabungan,301345.76,INCOME,Goals,Gopay,2025,7,8,1,0,July,1,12.616016907235672,2,2
2025-07-09,Pulsa,707.91,EXPENSE,Tagihan,Gopay,2025,7,9,2,0,July,0,6.563728579123447,5,2
2025-07-09,Main Ke Mall,674.53,EXPENSE,Hiburan,Dompet Tunai,2025,7,9,2,0,July,0,6.515497567961092,3,1
2025-07-09,Cashback,96762.6,INCOME,Goals,Dompet Tunai,2025,7,9,2,0,July,1,11.480026169488658,2,1
2025-07-09,Top up Game,4435.15,EXPENSE,Hiburan,Gopay,2025,7,9,2,0,July,0,8.397542162145639,3,2
2025-07-09,Indomaret,14087.36,EXPENSE,Belanja,Dompet Tunai,2025,7,9,2,0,July,0,9.553104203512245,0,1
2025-07-09,Makan Malam,8125.51,EXPENSE,Makan & Minum,BCA,2025,7,9,2,0,July,0,9.002886836084528,4,0
2025-07-09,Main Ke Mall,6245.77,EXPENSE,Hiburan,Gopay,2025,7,9,2,0,July,0,8.7398198091433,3,2
2025-07-09,Bioskop,14796.85,EXPENSE,Hiburan,Gopay,2025,7,9,2,0,July,0,9.602237178929188,3,2
2025-07-09,Kopi Pagi,13736.55,EXPENSE,Makan & Minum,Dompet Tunai,2025,7,9,2,0,July,0,9.527888238377683,4,1
2025-07-10,Top up Game,1011.87,EXPENSE,Hiburan,Dompet Tunai,2025,7,10,3,0,July,0,6.920543164325412,3,1
2025-07-10,Alfamart,7142.81,EXPENSE,Belanja,BCA,2025,7,10,3,0,July,0,8.874001526457981,0,0
2025-07-10,Makan Siang,15052.57,EXPENSE,Makan & Minum,BCA,2025,7,10,3,0,July,0,9.619370451349669,4,0
2025-07-10,Listrik,14867.81,EXPENSE,Tagihan,Dompet Tunai,2025,7,10,3,0,July,0,9.60702100935208,5,1
2025-07-10,Makan Siang,2406.07,EXPENSE,Makan & Minum,Gopay,2025,7,10,3,0,July,0,7.786165519204824,4,2
2025-07-11,Kebutuhan Pokok,13097.64,EXPENSE,Belanja,Gopay,2025,7,11,4,0,July,0,9.480263687006014,0,2
2025-07-11,Makan Siang,2889.72,EXPENSE,Makan & Minum,Gopay,2025,7,11,4,0,July,0,7.969260885025617,4,2
2025-07-11,Bioskop,18422.46,EXPENSE,Hiburan,Gopay,2025,7,11,4,0,July,0,9.821380131474807,3,2
2025-07-11,Cemilan,17876.34,EXPENSE,Makan & Minum,BCA,2025,7,11,4,0,July,0,9.79128926808527,4,0
2025-07-11,Parkir,12010.23,EXPENSE,Tagihan,BCA,2025,7,11,4,0,July,0,9.39359732448446,5,0
2025-07-11,Makan Malam,9932.47,EXPENSE,Makan & Minum,BCA,2025,7,11,4,0,July,0,9.203665142120002,4,0
2025-07-11,Cemilan,31.42,EXPENSE,Makan & Minum,Dompet Tunai,2025,7,11,4,0,July,0,3.4787755163075302,4,1
2025-07-11,Kopi Pagi,10863.05,EXPENSE,Makan & Minum,BCA,2025,7,11,4,0,July,0,9.293214452144293,4,0
2025-07-11,Jajan Sore,9234.28,EXPENSE,Makan & Minum,Gopay,2025,7,11,4,0,July,0,9.13078621161064,4,2
2025-07-11,Iuran Bulanan,18799.88,EXPENSE,Tagihan,BCA,2025,7,11,4,0,July,0,9.841658956233195,5,0
2025-07-12,Main Ke Mall,9528.9,EXPENSE,Hiburan,Dompet Tunai,2025,7,12,5,1,July,0,9.16218950341376,3,1
2025-07-12,Cemilan,301.06,EXPENSE,Makan & Minum,Gopay,2025,7,12,5,1,July,0,5.710625673138195,4,2
2025-07-12,Indomaret,17346.89,EXPENSE,Belanja,Dompet Tunai,2025,7,12,5,1,July,0,9.76122616414659,0,1
2025-07-13,Makan Siang,18556.96,EXPENSE,Makan & Minum,Gopay,2025,7,13,6,1,July,0,9.828654086506125,4,2
2025-07-14,Internet,3361.5,EXPENSE,Tagihan,BCA,2025,7,14,0,0,July,0,8.120440023910094,5,0
2025-07-14,Kopi Pagi,10746.73,EXPENSE,Makan & Minum,Dompet Tunai,2025,7,14,0,0,July,0,9.28244984846711,4,1
2025-07-14,Top up Game,10919.66,EXPENSE,Hiburan,Dompet Tunai,2025,7,14,0,0,July,0,9.298411687032939,3,1
2025-07-14,Top up Game,17562.86,EXPENSE,Hiburan,Dompet Tunai,2025,7,14,0,0,July,0,9.773598660800376,3,1
2025-07-15,Cemilan,1891.3,EXPENSE,Makan & Minum,Dompet Tunai,2025,7,15,1,0,July,0,7.5455482994100045,4,1
2025-07-15,Streaming,7325.01,EXPENSE,Hiburan,Dompet Tunai,2025,7,15,1,0,July,0,8.899186308339193,3,1
2025-07-15,Streaming,570.76,EXPENSE,Hiburan,Dompet Tunai,2025,7,15,1,0,July,0,6.348719322911723,3,1
2025-07-16,Internet,15954.78,EXPENSE,Tagihan,Dompet Tunai,2025,7,16,2,0,July,0,9.677576425013472,5,1
2025-07-16,Kebutuhan Pokok,4316.24,EXPENSE,Belanja,BCA,2025,7,16,2,0,July,0,8.370371588172793,0,0
2025-07-16,Makan Siang,2246.5,EXPENSE,Makan & Minum,Dompet Tunai,2025,7,16,2,0,July,0,7.717573766345775,4,1
2025-07-16,Tabungan,138679.77,INCOME,Goals,BCA,2025,7,16,2,0,July,1,11.83992995213428,2,0
2025-07-17,Internet,2469.25,EXPENSE,Tagihan,BCA,2025,7,17,3,0,July,0,7.812074639075072,5,0
2025-07-17,Alfamart,17649.41,EXPENSE,Belanja,Gopay,2025,7,17,3,0,July,0,9.7785142915534,0,2
2025-07-18,Top up Game,14347.37,EXPENSE,Hiburan,BCA,2025,7,18,4,0,July,0,9.57139162588589,3,0
2025-07-18,Indomaret,2296.74,EXPENSE,Belanja,BCA,2025,7,18,4,0,July,0,7.739681310145189,0,0
2025-07-18,Sabun,6171.08,EXPENSE,Belanja,Dompet Tunai,2025,7,18,4,0,July,0,8.727791175161848,0,1
2025-07-19,Iuran Bulanan,7542.59,EXPENSE,Tagihan,BCA,2025,7,19,5,1,July,0,8.92845347501031,5,0
2025-07-19,Cemilan,4188.52,EXPENSE,Makan & Minum,Gopay,2025,7,19,5,1,July,0,8.340341447881308,4,2
2025-07-19,Listrik,9261.0,EXPENSE,Tagihan,BCA,2025,7,19,5,1,July,0,9.133675287040697,5,0
2025-07-19,Jajan Sore,17760.26,EXPENSE,Makan & Minum,BCA,2025,7,19,5,1,July,0,9.784774959975563,4,0
2025-07-19,Gaji Bulanan,128828.96,INCOME,Gaji,Gopay,2025,7,19,5,1,July,1,11.766248674298835,1,2
2025-07-19,Kebutuhan Pokok,13358.49,EXPENSE,Belanja,Gopay,2025,7,19,5,1,July,0,9.49998227270931,0,2
2025-07-19,Gaji Bulanan,124085.27,INCOME,Gaji,Gopay,2025,7,19,5,1,July,1,11.72873232848862,1,2
2025-07-19,Bioskop,1442.17,EXPENSE,Hiburan,Gopay,2025,7,19,5,1,July,0,7.274597361952614,3,2
2025-07-19,Insentif,218738.66,INCOME,Gaji,Gopay,2025,7,19,5,1,July,1,12.295637534531238,1,2
2025-07-20,Bioskop,6889.57,EXPENSE,Hiburan,Gopay,2025,7,20,6,1,July,0,8.837909089178046,3,2
2025-07-20,Kebutuhan Pokok,6079.85,EXPENSE,Belanja,BCA,2025,7,20,6,1,July,0,8.712899767820314,0,0
2025-07-20,Makan Siang,9116.48,EXPENSE,Makan & Minum,BCA,2025,7,20,6,1,July,0,9.117948729096662,4,0
2025-07-20,Bunga Bank,132353.74,INCOME,Goals,BCA,2025,7,20,6,1,July,1,11.793241021143139,2,0
2025-07-20,Gofood,709.78,EXPENSE,Makan & Minum,BCA,2025,7,20,6,1,July,0,6.566362958574562,4,0
2025-07-20,Top up Game,8068.47,EXPENSE,Hiburan,Gopay,2025,7,20,6,1,July,0,8.995843083766507,3,2
2025-07-20,Kopi Pagi,2334.42,EXPENSE,Makan & Minum,Gopay,2025,7,20,6,1,July,0,7.755947025448398,4,2
2025-07-21,Streaming,1128.87,EXPENSE,Hiburan,Dompet Tunai,2025,7,21,0,0,July,0,7.029857860840502,3,1
2025-07-21,BPJS,14183.93,EXPENSE,Tagihan,BCA,2025,7,21,0,0,July,0,9.559935412440504,5,0
2025-07-21,Kebutuhan Pokok,2704.31,EXPENSE,Belanja,Dompet Tunai,2025,7,21,0,0,July,0,7.9029717873020076,0,1
2025-07-21,Jajan Sore,10284.89,EXPENSE,Makan & Minum,Dompet Tunai,2025,7,21,0,0,July,0,9.238528332130294,4,1
2025-07-21,Kopi Pagi,9134.68,EXPENSE,Makan & Minum,BCA,2025,7,21,0,0,July,0,9.119942905012655,4,0
2025-07-22,Parkir,17551.74,EXPENSE,Tagihan,BCA,2025,7,22,1,0,July,0,9.772965342063843,5,0
2025-07-22,Kopi Pagi,2747.46,EXPENSE,Makan & Minum,Gopay,2025,7,22,1,0,July,0,7.918796033802054,4,2
2025-07-23,Gofood,16075.49,EXPENSE,Makan & Minum,BCA,2025,7,23,2,0,July,0,9.68511323532354,4,0
2025-07-23,Sabun,16401.48,EXPENSE,Belanja,BCA,2025,7,23,2,0,July,0,9.705187821891966,0,0
2025-07-23,Listrik,17022.26,EXPENSE,Tagihan,Gopay,2025,7,23,2,0,July,0,9.742335923151495,5,2
2025-07-23,Gofood,13011.41,EXPENSE,Makan & Minum,Gopay,2025,7,23,2,0,July,0,9.473658796472792,4,2
2025-07-23,Jajan Sore,12790.89,EXPENSE,Makan & Minum,BCA,2025,7,23,2,0,July,0,9.456566655352365,4,0
2025-07-23,Streaming,1653.61,EXPENSE,Hiburan,Gopay,2025,7,23,2,0,July,0,7.411320610494618,3,2
2025-07-23,Makan Malam,7293.68,EXPENSE,Makan & Minum,Dompet Tunai,2025,7,23,2,0,July,0,8.894900594333349,4,1
2025-07-23,Top up Game,1808.95,EXPENSE,Hiburan,BCA,2025,7,23,2,0,July,0,7.501054499568921,3,0
2025-07-23,Tabungan,48359.63,INCOME,Goals,BCA,2025,7,23,2,0,July,1,10.78644133193916,2,0
2025-07-23,Tissue,19053.65,EXPENSE,Belanja,BCA,2025,7,23,2,0,July,0,9.855066445256824,0,0
2025-07-24,Tissue,7132.51,EXPENSE,Belanja,Dompet Tunai,2025,7,24,3,0,July,0,8.872558678390293,0,1
2025-07-24,Warung Nasi,12076.34,EXPENSE,Makan & Minum,Gopay,2025,7,24,3,0,July,0,9.399086248566022,4,2
2025-07-24,Listrik,18747.02,EXPENSE,Tagihan,BCA,2025,7,24,3,0,July,0,9.838843425822484,5,0
2025-07-24,Kopi Pagi,1637.82,EXPENSE,Makan & Minum,BCA,2025,7,24,3,0,July,0,7.401731749649993,4,0
2025-07-24,Tissue,2022.79,EXPENSE,Belanja,BCA,2025,7,24,3,0,July,0,7.612727270083728,0,0
2025-07-24,Sabun,15758.15,EXPENSE,Belanja,Gopay,2025,7,24,3,0,July,0,9.665176427947227,0,2
2025-07-24,Makan Siang,2800.91,EXPENSE,Makan & Minum,Dompet Tunai,2025,7,24,3,0,July,0,7.93805660646675,4,1
2025-07-24,Main Ke Mall,17419.85,EXPENSE,Hiburan,Gopay,2025,7,24,3,0,July,0,9.765423043705175,3,2
2025-07-25,Cemilan,17538.28,EXPENSE,Makan & Minum,Dompet Tunai,2025,7,25,4,0,July,0,9.772198216052853,4,1
2025-07-25,Indomaret,16142.74,EXPENSE,Belanja,Gopay,2025,7,25,4,0,July,0,9.689287637409192,0,2
2025-07-25,Cemilan,14250.07,EXPENSE,Makan & Minum,Gopay,2025,7,25,4,0,July,0,9.564587270597153,4,2
2025-07-26,Pulsa,7639.64,EXPENSE,Tagihan,BCA,2025,7,26,5,1,July,0,8.941236648285594,5,0
2025-07-26,Warung Nasi,12248.51,EXPENSE,Makan & Minum,Gopay,2025,7,26,5,1,July,0,9.413241215172851,4,2
2025-07-26,Warung Nasi,12941.95,EXPENSE,Makan & Minum,Gopay,2025,7,26,5,1,July,0,9.468306517342958,4,2
2025-07-26,Bioskop,4773.07,EXPENSE,Hiburan,BCA,2025,7,26,5,1,July,0,8.470954469547877,3,0
2025-07-26,Alfamart,8256.44,EXPENSE,Belanja,Gopay,2025,7,26,5,1,July,0,9.01886989111684,0,2
2025-07-26,Investasi,223898.38,INCOME,Goals,Gopay,2025,7,26,5,1,July,1,12.318952033489667,2,2
2025-07-27,Kebutuhan Pokok,12583.36,EXPENSE,Belanja,BCA,2025,7,27,6,1,July,0,9.440210052084801,0,0
2025-07-27,Belanja Mingguan,10389.19,EXPENSE,Belanja,Gopay,2025,7,27,6,1,July,0,9.248617370740316,0,2
2025-07-27,Jajan Sore,12085.53,EXPENSE,Makan & Minum,Gopay,2025,7,27,6,1,July,0,9.399846888351213,4,2
2025-07-27,Iuran Bulanan,2122.05,EXPENSE,Tagihan,Dompet Tunai,2025,7,27,6,1,July,0,7.660609013003878,5,1
2025-07-27,Gaji Bulanan,115132.4,INCOME,Gaji,Gopay,2025,7,27,6,1,July,1,11.653846735065233,1,2
2025-07-27,Tabungan,14409.77,INCOME,Goals,Dompet Tunai,2025,7,27,6,1,July,1,9.575731122680466,2,1
2025-07-28,Makan Malam,9095.79,EXPENSE,Makan & Minum,Gopay,2025,7,28,0,0,July,0,9.115676883022248,4,2
2025-07-28,Makan Siang,7556.6,EXPENSE,Makan & Minum,BCA,2025,7,28,0,0,July,0,8.930308958454924,4,0
2025-07-28,Indomaret,9393.82,EXPENSE,Belanja,Gopay,2025,7,28,0,0,July,0,9.147913752536832,0,2
2025-07-28,Top up Game,3516.29,EXPENSE,Hiburan,Dompet Tunai,2025,7,28,0,0,July,0,8.165446085713802,3,1
2025-07-28,Tabungan,17381.75,INCOME,Goals,BCA,2025,7,28,0,0,July,1,9.763233614150778,2,0
2025-07-28,Sabun,11283.95,EXPENSE,Belanja,Gopay,2025,7,28,0,0,July,0,9.331225258581652,0,2
2025-07-29,Jajan Sore,11011.28,EXPENSE,Makan & Minum,Dompet Tunai,2025,7,29,1,0,July,0,9.306766292746362,4,1
2025-07-29,Kebutuhan Pokok,15394.34,EXPENSE,Belanja,BCA,2025,7,29,1,0,July,0,9.64182014520729,0,0
2025-07-29,Top up Game,17746.39,EXPENSE,Hiburan,Dompet Tunai,2025,7,29,1,0,July,0,9.783993741838268,3,1
2025-07-29,Alfamart,18939.21,EXPENSE,Belanja,Dompet Tunai,2025,7,29,1,0,July,0,9.849042454323797,0,1
2025-07-30,Belanja Mingguan,14987.46,EXPENSE,Belanja,Gopay,2025,7,30,2,0,July,0,9.615035850662254,0,2
2025-07-30,Streaming,18292.12,EXPENSE,Hiburan,Gopay,2025,7,30,2,0,July,0,9.814280311856077,3,2
2025-07-30,Kopi Pagi,5669.72,EXPENSE,Makan & Minum,Gopay,2025,7,30,2,0,July,0,8.64307137278698,4,2
2025-07-30,Jajan Sore,11955.43,EXPENSE,Makan & Minum,Gopay,2025,7,30,2,0,July,0,9.38902448796285,4,2
2025-07-31,Listrik,17679.71,EXPENSE,Tagihan,BCA,2025,7,31,3,0,July,0,9.78022949375635,5,0
2025-07-31,Makan Malam,9108.32,EXPENSE,Makan & Minum,Gopay,2025,7,31,3,0,July,0,9.117053344218881,4,2
2025-07-31,Main Ke Mall,14284.37,EXPENSE,Hiburan,Dompet Tunai,2025,7,31,3,0,July,0,9.566991215624505,3,1
2025-07-31,Gaji Bulanan,18931.45,INCOME,Gaji,Dompet Tunai,2025,7,31,3,0,July,1,9.848632660023181,1,1
2025-07-31,Gaji Bulanan,256997.29,INCOME,Gaji,Dompet Tunai,2025,7,31,3,0,July,1,12.456824710158722,1,1
2025-07-31,BPJS,854.04,EXPENSE,Tagihan,Gopay,2025,7,31,3,0,July,0,6.751148251468171,5,2
2025-07-31,Belanja Mingguan,16193.75,EXPENSE,Belanja,BCA,2025,7,31,3,0,July,0,9.69244239462305,0,0
2025-08-01,Belanja Mingguan,105.0,EXPENSE,Belanja,Gopay,2025,8,1,4,0,August,0,4.663439094112067,0,2
2025-08-01,Bioskop,14562.48,EXPENSE,Hiburan,Gopay,2025,8,1,4,0,August,0,9.586272304181112,3,2
2025-08-01,Cemilan,18354.22,EXPENSE,Makan & Minum,Gopay,2025,8,1,4,0,August,0,9.817669281694027,4,2
2025-08-01,Alfamart,2929.25,EXPENSE,Belanja,Gopay,2025,8,1,4,0,August,0,7.98284302260329,0,2
2025-08-01,Top up Game,12574.83,EXPENSE,Hiburan,Dompet Tunai,2025,8,1,4,0,August,0,9.439531996765917,3,1
2025-08-01,Cashback,46114.13,INCOME,Goals,Gopay,2025,8,1,4,0,August,1,10.738896374705204,2,2
2025-08-01,BPJS,13388.68,EXPENSE,Tagihan,Gopay,2025,8,1,4,0,August,0,9.50223953996798,5,2
2025-08-01,Gaji Bulanan,169104.93,INCOME,Gaji,Gopay,2025,8,1,4,0,August,1,12.038280602278899,1,2
2025-08-02,Jajan Sore,16767.87,EXPENSE,Makan & Minum,BCA,2025,8,2,5,1,August,0,9.727279470316796,4,0
2025-08-02,Pulsa,17295.57,EXPENSE,Tagihan,BCA,2025,8,2,5,1,August,0,9.758263494932635,5,0
2025-08-02,Gofood,3121.83,EXPENSE,Makan & Minum,Gopay,2025,8,2,5,1,August,0,8.046494920963152,4,2
2025-08-02,Gaji Bulanan,150535.06,INCOME,Gaji,Dompet Tunai,2025,8,2,5,1,August,1,11.921957935800156,1,1
2025-08-02,Alfamart,9738.21,EXPENSE,Belanja,BCA,2025,8,2,5,1,August,0,9.183915284517512,0,0
2025-08-02,Gofood,8464.99,EXPENSE,Makan & Minum,Gopay,2025,8,2,5,1,August,0,9.0438122398848,4,2
2025-08-02,Parkir,15950.43,EXPENSE,Tagihan,Dompet Tunai,2025,8,2,5,1,August,0,9.67730375936662,5,1
2025-08-03,Bioskop,10176.85,EXPENSE,Hiburan,Gopay,2025,8,3,6,1,August,0,9.227969069370694,3,2
2025-08-03,Alfamart,2208.25,EXPENSE,Belanja,Dompet Tunai,2025,8,3,6,1,August,0,7.700408370398113,0,1
2025-08-03,Internet,8444.67,EXPENSE,Tagihan,BCA,2025,8,3,6,1,August,0,9.041409162980628,5,0
2025-08-03,Alfamart,4522.27,EXPENSE,Belanja,Dompet Tunai,2025,8,3,6,1,August,0,8.416990462588945,0,1
2025-08-04,Makan Malam,11035.25,EXPENSE,Makan & Minum,Dompet Tunai,2025,8,4,0,0,August,0,9.308940588215792,4,1
2025-08-04,Internet,17376.82,EXPENSE,Tagihan,Gopay,2025,8,4,0,0,August,0,9.762949959421697,5,2
2025-08-04,Main Ke Mall,3797.41,EXPENSE,Hiburan,BCA,2025,8,4,0,0,August,0,8.242337837099331,3,0
2025-08-04,Main Ke Mall,10222.52,EXPENSE,Hiburan,Dompet Tunai,2025,8,4,0,0,August,0,9.2324462271584,3,1
2025-08-05,Parkir,4869.68,EXPENSE,Tagihan,BCA,2025,8,5,1,0,August,0,8.490988836719364,5,0
2025-08-05,Bunga Bank,56791.0,INCOME,Goals,BCA,2025,8,5,1,0,August,1,10.947150749719222,2,0
2025-08-05,Bonus,172129.47,INCOME,Gaji,Gopay,2025,8,5,1,0,August,1,12.056008014756218,1,2
2025-08-05,Internet,11136.38,EXPENSE,Tagihan,Gopay,2025,8,5,1,0,August,0,9.318062297310245,5,2
2025-08-06,Freelance Project,39796.51,INCOME,Gaji,BCA,2025,8,6,2,0,August,1,10.591559626501324,1,0
2025-08-06,Top up Game,4465.51,EXPENSE,Hiburan,Gopay,2025,8,6,2,0,August,0,8.404362622028898,3,2
2025-08-06,Top up Game,1951.49,EXPENSE,Hiburan,BCA,2025,8,6,2,0,August,0,7.576860760061801,3,0
2025-08-06,Cemilan,7021.27,EXPENSE,Makan & Minum,Dompet Tunai,2025,8,6,2,0,August,0,8.856841806573051,4,1
2025-08-06,Indomaret,14050.51,EXPENSE,Belanja,BCA,2025,8,6,2,0,August,0,9.550485142296658,0,0
2025-08-07,Bioskop,7885.37,EXPENSE,Hiburan,BCA,2025,8,7,3,0,August,0,8.972891231926836,3,0
2025-08-07,Air,3415.65,EXPENSE,Tagihan,Dompet Tunai,2025,8,7,3,0,August,0,8.136415817837767,5,1
2025-08-07,BPJS,1812.02,EXPENSE,Tagihan,Gopay,2025,8,7,3,0,August,0,7.502749242133608,5,2
2025-08-07,Tissue,12042.71,EXPENSE,Belanja,BCA,2025,8,7,3,0,August,0,9.39629781093246,0,0
2025-08-07,Main Ke Mall,11786.71,EXPENSE,Hiburan,Gopay,2025,8,7,3,0,August,0,9.374812742265522,3,2
2025-08-07,Sabun,15604.96,EXPENSE,Belanja,BCA,2025,8,7,3,0,August,0,9.655408171556672,0,0
2025-08-07,Iuran Bulanan,7314.4,EXPENSE,Tagihan,Gopay,2025,8,7,3,0,August,0,8.897736994119155,5,2
2025-08-07,Jajan Sore,4020.02,EXPENSE,Makan & Minum,Dompet Tunai,2025,8,7,3,0,August,0,8.299290880771997,4,1
2025-08-07,Listrik,8685.0,EXPENSE,Tagihan,BCA,2025,8,7,3,0,August,0,9.069467813094768,5,0
2025-08-08,Pulsa,11227.91,EXPENSE,Tagihan,Dompet Tunai,2025,8,8,4,0,August,0,9.326246981579157,5,1
2025-08-08,Iuran Bulanan,6957.84,EXPENSE,Tagihan,Dompet Tunai,2025,8,8,4,0,August,0,8.847768072771366,5,1
2025-08-08,Kopi Pagi,9176.42,EXPENSE,Makan & Minum,Gopay,2025,8,8,4,0,August,0,9.124501398362144,4,2
2025-08-08,Iuran Bulanan,258.77,EXPENSE,Tagihan,BCA,2025,8,8,4,0,August,0,5.559796624127819,5,0
2025-08-08,Iuran Bulanan,7602.71,EXPENSE,Tagihan,BCA,2025,8,8,4,0,August,0,8.936391565058855,5,0
2025-08-08,Kebutuhan Pokok,12152.85,EXPENSE,Belanja,Gopay,2025,8,8,4,0,August,0,9.405401271003214,0,2
2025-08-09,Streaming,10691.42,EXPENSE,Hiburan,Dompet Tunai,2025,8,9,5,1,August,0,9.277290358193252,3,1
2025-08-09,Tissue,14950.3,EXPENSE,Belanja,Dompet Tunai,2025,8,9,5,1,August,0,9.612553531560073,0,1
2025-08-09,Listrik,1703.39,EXPENSE,Tagihan,BCA,2025,8,9,5,1,August,0,7.440962554441214,5,0
2025-08-09,Insentif,74822.24,INCOME,Gaji,Gopay,2025,8,9,5,1,August,1,11.222883810893979,1,2
2025-08-10,Sabun,13182.23,EXPENSE,Belanja,Gopay,2025,8,10,6,1,August,0,9.486700846317452,0,2
2025-08-10,Iuran Bulanan,5753.76,EXPENSE,Tagihan,Gopay,2025,8,10,6,1,August,0,8.657782617419322,5,2
2025-08-10,Parkir,14602.32,EXPENSE,Tagihan,Gopay,2025,8,10,6,1,August,0,9.589004179105864,5,2
2025-08-10,Warung Nasi,16972.88,EXPENSE,Makan & Minum,Gopay,2025,8,10,6,1,August,0,9.73943097086872,4,2
2025-08-11,Bioskop,7691.1,EXPENSE,Hiburan,BCA,2025,8,11,0,0,August,0,8.947949107144185,3,0
2025-08-11,Bioskop,10760.35,EXPENSE,Hiburan,Gopay,2025,8,11,0,0,August,0,9.283716290529755,3,2
2025-08-11,Pulsa,14978.41,EXPENSE,Tagihan,Dompet Tunai,2025,8,11,0,0,August,0,9.61443187044777,5,1
2025-08-12,Tissue,2060.57,EXPENSE,Belanja,BCA,2025,8,12,1,0,August,0,7.631223107427853,0,0
2025-08-12,Kebutuhan Pokok,17387.97,EXPENSE,Belanja,Dompet Tunai,2025,8,12,1,0,August,0,9.763591376151988,0,1
2025-08-12,Main Ke Mall,4649.97,EXPENSE,Hiburan,Dompet Tunai,2025,8,12,1,0,August,0,8.444831078977536,3,1
2025-08-12,Cemilan,19256.55,EXPENSE,Makan & Minum,Gopay,2025,8,12,1,0,August,0,9.865658470614767,4,2
2025-08-13,Kebutuhan Pokok,18831.99,EXPENSE,Belanja,Gopay,2025,8,13,2,0,August,0,9.843365398211757,0,2
2025-08-13,Air,5376.59,EXPENSE,Tagihan,Dompet Tunai,2025,8,13,2,0,August,0,8.589995597403506,5,1
2025-08-13,Streaming,14405.99,EXPENSE,Hiburan,Gopay,2025,8,13,2,0,August,0,9.5754687844542,3,2
2025-08-13,Makan Siang,4647.96,EXPENSE,Makan & Minum,BCA,2025,8,13,2,0,August,0,8.44439881765271,4,0
2025-08-13,Kebutuhan Pokok,16084.27,EXPENSE,Belanja,Gopay,2025,8,13,2,0,August,0,9.685659225357549,0,2
2025-08-13,Warung Nasi,16966.9,EXPENSE,Makan & Minum,BCA,2025,8,13,2,0,August,0,9.739078602780664,4,0
2025-08-13,Main Ke Mall,2072.89,EXPENSE,Hiburan,Gopay,2025,8,13,2,0,August,0,7.637181349774443,3,2
2025-08-13,Top up Game,12984.33,EXPENSE,Hiburan,BCA,2025,8,13,2,0,August,0,9.47157553771308,3,0
2025-08-14,Pulsa,9913.27,EXPENSE,Tagihan,Gopay,2025,8,14,3,0,August,0,9.201730412423917,5,2
2025-08-14,Iuran Bulanan,2187.09,EXPENSE,Tagihan,BCA,2025,8,14,3,0,August,0,7.690784296151125,5,0
2025-08-14,Investasi,133487.03,INCOME,Goals,BCA,2025,8,14,3,0,August,1,11.801767089881134,2,0
2025-08-14,Insentif,216602.46,INCOME,Gaji,Gopay,2025,8,14,3,0,August,1,12.285823587567332,1,2
2025-08-14,Makan Malam,324.71,EXPENSE,Makan & Minum,BCA,2025,8,14,3,0,August,0,5.786007414911871,4,0
2025-08-15,Indomaret,7086.98,EXPENSE,Belanja,BCA,2025,8,15,4,0,August,0,8.866155670610507,0,0
2025-08-15,BPJS,1748.92,EXPENSE,Tagihan,Dompet Tunai,2025,8,15,4,0,August,0,7.467325351586916,5,1
2025-08-15,Kebutuhan Pokok,16298.94,EXPENSE,Belanja,Gopay,2025,8,15,4,0,August,0,9.698916705806484,0,2
2025-08-15,Jajan Sore,16884.69,EXPENSE,Makan & Minum,Gopay,2025,8,15,4,0,August,0,9.734221796657517,4,2
2025-08-15,Gaji Bulanan,233267.01,INCOME,Gaji,Gopay,2025,8,15,4,0,August,1,12.35994332901926,1,2
2025-08-15,Main Ke Mall,10761.04,EXPENSE,Hiburan,Dompet Tunai,2025,8,15,4,0,August,0,9.283780406823725,3,1
2025-08-15,Investasi,143405.42,INCOME,Goals,BCA,2025,8,15,4,0,August,1,11.873437976019993,2,0
2025-08-15,Listrik,8590.96,EXPENSE,Tagihan,Gopay,2025,8,15,4,0,August,0,9.058582161244326,5,2
2025-08-16,Listrik,1423.52,EXPENSE,Tagihan,Dompet Tunai,2025,8,16,5,1,August,0,7.261590193853443,5,1
2025-08-16,Indomaret,17042.85,EXPENSE,Belanja,Dompet Tunai,2025,8,16,5,1,August,0,9.743544713830078,0,1
2025-08-16,Alfamart,12520.56,EXPENSE,Belanja,Dompet Tunai,2025,8,16,5,1,August,0,9.435207237531053,0,1
2025-08-17,Parkir,11989.36,EXPENSE,Tagihan,Dompet Tunai,2025,8,17,6,1,August,0,9.39185827259167,5,1
2025-08-17,Bonus,46272.32,INCOME,Gaji,Gopay,2025,8,17,6,1,August,1,10.742320832082505,1,2
2025-08-17,Freelance Project,210925.7,INCOME,Gaji,Gopay,2025,8,17,6,1,August,1,12.259265958738222,1,2
2025-08-17,Top up Game,15847.47,EXPENSE,Hiburan,BCA,2025,8,17,6,1,August,0,9.670828244677654,3,0
2025-08-17,Bioskop,12028.03,EXPENSE,Hiburan,BCA,2025,8,17,6,1,August,0,9.395078173963862,3,0
2025-08-18,Alfamart,8809.7,EXPENSE,Belanja,Dompet Tunai,2025,8,18,0,0,August,0,9.083722170938417,0,1
2025-08-18,Cemilan,10395.92,EXPENSE,Makan & Minum,Dompet Tunai,2025,8,18,0,0,August,0,9.2492648874211,4,1
2025-08-18,Iuran Bulanan,11153.35,EXPENSE,Tagihan,BCA,2025,8,18,0,0,August,0,9.319584835334725,5,0
2025-08-19,Pulsa,5311.01,EXPENSE,Tagihan,Gopay,2025,8,19,1,0,August,0,8.577725573684619,5,2
2025-08-19,Makan Malam,9519.11,EXPENSE,Makan & Minum,Gopay,2025,8,19,1,0,August,0,9.161161682340506,4,2
2025-08-19,Top up Game,9797.79,EXPENSE,Hiburan,Gopay,2025,8,19,1,0,August,0,9.190014187647936,3,2
2025-08-19,Streaming,3867.09,EXPENSE,Hiburan,BCA,2025,8,19,1,0,August,0,8.26051612414117,3,0
2025-08-19,Parkir,15073.63,EXPENSE,Tagihan,BCA,2025,8,19,1,0,August,0,9.620768477347246,5,0
2025-08-19,Bioskop,6218.75,EXPENSE,Hiburan,BCA,2025,8,19,1,0,August,0,8.735484991999423,3,0
2025-08-19,Gofood,13446.29,EXPENSE,Makan & Minum,BCA,2025,8,19,1,0,August,0,9.506532877739907,4,0
2025-08-20,Makan Siang,18573.25,EXPENSE,Makan & Minum,BCA,2025,8,20,2,0,August,0,9.829531491920187,4,0
2025-08-20,Makan Siang,3228.53,EXPENSE,Makan & Minum,Gopay,2025,8,20,2,0,August,0,8.08009189479306,4,2
2025-08-20,Top up Game,8221.2,EXPENSE,Hiburan,Gopay,2025,8,20,2,0,August,0,9.014593092143732,3,2
2025-08-20,Bioskop,3849.1,EXPENSE,Hiburan,Gopay,2025,8,20,2,0,August,0,8.255854400970485,3,2
2025-08-20,Pulsa,3666.51,EXPENSE,Tagihan,Gopay,2025,8,20,2,0,August,0,8.207268236666453,5,2
2025-08-21,Belanja Mingguan,15942.75,EXPENSE,Belanja,Dompet Tunai,2025,8,21,3,0,August,0,9.676822181890122,0,1
2025-08-21,Tissue,306.97,EXPENSE,Belanja,Dompet Tunai,2025,8,21,3,0,August,0,5.730002375632231,0,1
2025-08-21,Kebutuhan Pokok,11084.71,EXPENSE,Belanja,BCA,2025,8,21,3,0,August,0,9.313412170517983,0,0
2025-08-21,Makan Siang,16766.15,EXPENSE,Makan & Minum,BCA,2025,8,21,3,0,August,0,9.727176894042003,4,0
2025-08-22,Tissue,1066.5,EXPENSE,Belanja,BCA,2025,8,22,4,0,August,0,6.97307474510278,0,0
2025-08-22,Indomaret,1863.54,EXPENSE,Belanja,Dompet Tunai,2025,8,22,4,0,August,0,7.530769652861534,0,1
2025-08-22,Parkir,4380.98,EXPENSE,Tagihan,BCA,2025,8,22,4,0,August,0,8.385255956019027,5,0
2025-08-22,Streaming,4189.67,EXPENSE,Hiburan,Gopay,2025,8,22,4,0,August,0,8.340615904667422,3,2
2025-08-22,Alfamart,8503.48,EXPENSE,Belanja,Gopay,2025,8,22,4,0,August,0,9.04834836245522,0,2
2025-08-23,Tissue,11113.33,EXPENSE,Belanja,Gopay,2025,8,23,5,1,August,0,9.315990545679067,0,2
2025-08-23,Parkir,8162.81,EXPENSE,Tagihan,Gopay,2025,8,23,5,1,August,0,9.00746625075348,5,2
2025-08-23,Top up Game,2905.22,EXPENSE,Hiburan,BCA,2025,8,23,5,1,August,0,7.974608546701743,3,0
2025-08-23,Cashback,111281.52,INCOME,Goals,Dompet Tunai,2025,8,23,5,1,August,1,11.619827471919638,2,1
2025-08-23,Sabun,5096.28,EXPENSE,Belanja,BCA,2025,8,23,5,1,August,0,8.536462343106272,0,0
2025-08-24,Main Ke Mall,13861.42,EXPENSE,Hiburan,BCA,2025,8,24,6,1,August,0,9.536936860677137,3,0
2025-08-24,Gofood,6140.68,EXPENSE,Makan & Minum,BCA,2025,8,24,6,1,August,0,8.722853599350437,4,0
2025-08-24,Gofood,7424.93,EXPENSE,Makan & Minum,Gopay,2025,8,24,6,1,August,0,8.91273320835271,4,2
2025-08-24,Kopi Pagi,8906.85,EXPENSE,Makan & Minum,Gopay,2025,8,24,6,1,August,0,9.094688189438896,4,2
2025-08-25,Belanja Mingguan,7239.63,EXPENSE,Belanja,Dompet Tunai,2025,8,25,0,0,August,0,8.887463498168625,0,1
2025-08-25,Bioskop,8995.27,EXPENSE,Hiburan,Dompet Tunai,2025,8,25,0,0,August,0,9.104565325968077,3,1
2025-08-25,Air,1848.28,EXPENSE,Tagihan,BCA,2025,8,25,0,0,August,0,7.522551653129413,5,0
2025-08-25,Alfamart,7376.56,EXPENSE,Belanja,Dompet Tunai,2025,8,25,0,0,August,0,8.90619823962035,0,1
2025-08-25,Makan Siang,13909.85,EXPENSE,Makan & Minum,Gopay,2025,8,25,0,0,August,0,9.540424390167706,4,2
2025-08-25,Parkir,8501.8,EXPENSE,Tagihan,Gopay,2025,8,25,0,0,August,0,9.04815079999897,5,2
2025-08-25,Main Ke Mall,2620.47,EXPENSE,Hiburan,BCA,2025,8,25,0,0,August,0,7.871490508117238,3,0
2025-08-25,Investasi,226017.29,INCOME,Goals,BCA,2025,8,25,0,0,August,1,12.328371204183371,2,0
2025-08-25,Air,4003.08,EXPENSE,Tagihan,Gopay,2025,8,25,0,0,August,0,8.295069120255492,5,2
2025-08-25,Bunga Bank,109813.07,INCOME,Goals,Gopay,2025,8,25,0,0,August,1,11.606543941924576,2,2
2025-08-26,Pulsa,13558.14,EXPENSE,Tagihan,Dompet Tunai,2025,8,26,1,0,August,0,9.514816137654229,5,1
2025-08-26,Belanja Mingguan,11063.17,EXPENSE,Belanja,BCA,2025,8,26,1,0,August,0,9.31146723837478,0,0
2025-08-26,Kebutuhan Pokok,17481.86,EXPENSE,Belanja,Gopay,2025,8,26,1,0,August,0,9.7689762513866,0,2
2025-08-26,Main Ke Mall,15639.66,EXPENSE,Hiburan,Dompet Tunai,2025,8,26,1,0,August,0,9.65762921269742,3,1
2025-08-27,Bioskop,14804.23,EXPENSE,Hiburan,BCA,2025,8,27,2,0,August,0,9.602735775707151,3,0
2025-08-27,Listrik,17238.33,EXPENSE,Tagihan,Gopay,2025,8,27,2,0,August,0,9.754948680353445,5,2
2025-08-27,Iuran Bulanan,10879.46,EXPENSE,Tagihan,BCA,2025,8,27,2,0,August,0,9.294723798927949,5,0
2025-08-27,Kopi Pagi,3846.03,EXPENSE,Makan & Minum,BCA,2025,8,27,2,0,August,0,8.255056701006266,4,0
2025-08-27,Top up Game,10668.52,EXPENSE,Hiburan,Gopay,2025,8,27,2,0,August,0,9.275146357342008,3,2
2025-08-27,Indomaret,3414.72,EXPENSE,Belanja,BCA,2025,8,27,2,0,August,0,8.13614358433585,0,0
2025-08-28,Internet,6134.18,EXPENSE,Tagihan,Dompet Tunai,2025,8,28,3,0,August,0,8.721794696567908,5,1
2025-08-28,Alfamart,8589.22,EXPENSE,Belanja,Gopay,2025,8,28,3,0,August,0,9.058379625826126,0,2
2025-08-28,Parkir,5718.72,EXPENSE,Tagihan,Gopay,2025,8,28,3,0,August,0,8.651675132126751,5,2
2025-08-28,Pulsa,19129.36,EXPENSE,Tagihan,Gopay,2025,8,28,3,0,August,0,9.859031880866745,5,2
2025-08-28,Air,3026.55,EXPENSE,Tagihan,Dompet Tunai,2025,8,28,3,0,August,0,8.015508990567502,5,1
2025-08-28,Alfamart,11592.37,EXPENSE,Belanja,BCA,2025,8,28,3,0,August,0,9.358188661972369,0,0
2025-08-28,Cemilan,14553.32,EXPENSE,Makan & Minum,Gopay,2025,8,28,3,0,August,0,9.585643135747908,4,2
2025-08-28,Cemilan,74.31,EXPENSE,Makan & Minum,BCA,2025,8,28,3,0,August,0,4.32161292811326,4,0
2025-08-28,Bioskop,12988.67,EXPENSE,Hiburan,BCA,2025,8,28,3,0,August,0,9.47190970518491,3,0
2025-08-28,Sabun,18564.47,EXPENSE,Belanja,Gopay,2025,8,28,3,0,August,0,9.829058682746421,0,2
2025-08-28,Bunga Bank,29715.98,INCOME,Goals,BCA,2025,8,28,3,0,August,1,10.29947387859451,2,0
2025-08-28,Kebutuhan Pokok,9269.68,EXPENSE,Belanja,Dompet Tunai,2025,8,28,3,0,August,0,9.134612010777868,0,1
2025-08-28,Listrik,5677.23,EXPENSE,Tagihan,BCA,2025,8,28,3,0,August,0,8.644394843433373,5,0
2025-08-29,Investasi,215183.23,INCOME,Goals,BCA,2025,8,29,4,0,August,1,12.279249823915462,2,0
2025-08-29,Gaji Bulanan,198201.54,INCOME,Gaji,Dompet Tunai,2025,8,29,4,0,August,1,12.197044716133952,1,1
2025-08-29,Bioskop,2867.03,EXPENSE,Hiburan,BCA,2025,8,29,4,0,August,0,7.961380661915849,3,0
2025-08-29,Kebutuhan Pokok,3008.47,EXPENSE,Belanja,BCA,2025,8,29,4,0,August,0,8.009519262504845,0,0
2025-08-29,Top up Game,7535.41,EXPENSE,Hiburan,BCA,2025,8,29,4,0,August,0,8.927501220296442,3,0
2025-08-30,Top up Game,11497.42,EXPENSE,Hiburan,Gopay,2025,8,30,5,1,August,0,9.349964913607943,3,2
2025-08-30,Kebutuhan Pokok,10698.08,EXPENSE,Belanja,Dompet Tunai,2025,8,30,5,1,August,0,9.277913035444982,0,1
2025-08-30,Parkir,13608.49,EXPENSE,Tagihan,Gopay,2025,8,30,5,1,August,0,9.518522622496672,5,2
2025-08-30,Belanja Mingguan,11241.57,EXPENSE,Belanja,BCA,2025,8,30,5,1,August,0,9.327462744998616,0,0
2025-08-30,Top up Game,9993.29,EXPENSE,Hiburan,BCA,2025,8,30,5,1,August,0,9.209769208893599,3,0
2025-08-30,Bunga Bank,221643.09,INCOME,Goals,Gopay,2025,8,30,5,1,August,1,12.308828176158796,2,2
2025-08-30,Streaming,17890.38,EXPENSE,Hiburan,Dompet Tunai,2025,8,30,5,1,August,0,9.792074311593735,3,1
2025-08-30,Main Ke Mall,13299.59,EXPENSE,Hiburan,Dompet Tunai,2025,8,30,5,1,August,0,9.495563674128185,3,1
2025-08-31,Tissue,17796.92,EXPENSE,Belanja,BCA,2025,8,31,6,1,August,0,9.78683687551964,0,0
2025-09-01,Alfamart,18468.1,EXPENSE,Belanja,Dompet Tunai,2025,9,1,0,0,September,0,9.823854344339567,0,1
2025-09-01,Warung Nasi,15353.53,EXPENSE,Makan & Minum,BCA,2025,9,1,0,0,September,0,9.639165823484285,4,0
2025-09-01,Indomaret,6397.89,EXPENSE,Belanja,Gopay,2025,9,1,0,0,September,0,8.76387981680574,0,2
2025-09-01,Top up Game,6432.84,EXPENSE,Hiburan,Gopay,2025,9,1,0,0,September,0,8.769326839600422,3,2
2025-09-01,Makan Siang,6088.51,EXPENSE,Makan & Minum,Dompet Tunai,2025,9,1,0,0,September,0,8.714322897696768,4,1
2025-09-01,Main Ke Mall,1658.73,EXPENSE,Hiburan,BCA,2025,9,1,0,0,September,0,7.414410217519135,3,0
2025-09-01,Streaming,3889.43,EXPENSE,Hiburan,Dompet Tunai,2025,9,1,0,0,September,0,8.266274970349171,3,1
2025-09-01,Pulsa,4782.99,EXPENSE,Tagihan,Gopay,2025,9,1,0,0,September,0,8.47303020532728,5,2
2025-09-01,Makan Malam,6882.53,EXPENSE,Makan & Minum,Dompet Tunai,2025,9,1,0,0,September,0,8.836886880741485,4,1
2025-09-02,Alfamart,780.66,EXPENSE,Belanja,Gopay,2025,9,2,1,0,September,0,6.661419863391251,0,2
2025-09-02,Indomaret,18912.29,EXPENSE,Belanja,Dompet Tunai,2025,9,2,1,0,September,0,9.847620128539482,0,1
2025-09-02,Main Ke Mall,17189.13,EXPENSE,Hiburan,BCA,2025,9,2,1,0,September,0,9.752090660884658,3,0
2025-09-02,Pulsa,5367.87,EXPENSE,Tagihan,Gopay,2025,9,2,1,0,September,0,8.588372737054367,5,2
2025-09-02,Warung Nasi,17614.27,EXPENSE,Makan & Minum,BCA,2025,9,2,1,0,September,0,9.776521418503455,4,0
2025-09-03,Top up Game,12044.28,EXPENSE,Hiburan,BCA,2025,9,3,2,0,September,0,9.396428160939017,3,0
2025-09-03,Listrik,18464.68,EXPENSE,Tagihan,Gopay,2025,9,3,2,0,September,0,9.823669153036965,5,2
2025-09-03,Makan Siang,4839.9,EXPENSE,Makan & Minum,Gopay,2025,9,3,2,0,September,0,8.484855932837265,4,2
2025-09-03,Air,10188.89,EXPENSE,Tagihan,Gopay,2025,9,3,2,0,September,0,9.229151331261548,5,2
2025-09-03,Investasi,17700.05,INCOME,Goals,BCA,2025,9,3,2,0,September,1,9.781379238836337,2,0
2025-09-03,Main Ke Mall,15482.29,EXPENSE,Hiburan,BCA,2025,9,3,2,0,September,0,9.64751665686167,3,0
2025-09-03,Bioskop,12199.91,EXPENSE,Hiburan,Gopay,2025,9,3,2,0,September,0,9.409265818103574,3,2
2025-09-04,Sabun,1649.6,EXPENSE,Belanja,Gopay,2025,9,4,3,0,September,0,7.408894137158584,0,2
2025-09-04,Main Ke Mall,9721.87,EXPENSE,Hiburan,Gopay,2025,9,4,3,0,September,0,9.182236121361331,3,2
2025-09-05,Bioskop,18624.97,EXPENSE,Hiburan,Dompet Tunai,2025,9,5,4,0,September,0,9.83231212242853,3,1
2025-09-05,Tabungan,194567.69,INCOME,Goals,Gopay,2025,9,5,4,0,September,1,12.178540541647362,2,2
2025-09-05,Bioskop,8799.23,EXPENSE,Hiburan,Dompet Tunai,2025,9,5,4,0,September,0,9.082533136488385,3,1
2025-09-05,Cemilan,6306.74,EXPENSE,Makan & Minum,BCA,2025,9,5,4,0,September,0,8.749532729731879,4,0
2025-09-05,Streaming,20664.51,EXPENSE,Hiburan,Dompet Tunai,2025,9,5,4,0,September,0,9.936221406050931,3,1
2025-09-05,Parkir,964.0,EXPENSE,Tagihan,BCA,2025,9,5,4,0,September,0,6.872128101338986,5,0
2025-09-05,Parkir,17426.0,EXPENSE,Tagihan,BCA,2025,9,5,4,0,September,0,9.765776006660642,5,0
2025-09-06,Listrik,18349.53,EXPENSE,Tagihan,Gopay,2025,9,6,5,1,September,0,9.817413735899402,5,2
2025-09-06,Bonus,163234.92,INCOME,Gaji,Dompet Tunai,2025,9,6,5,1,September,1,12.00295179533334,1,1
2025-09-06,Streaming,19171.76,EXPENSE,Hiburan,Gopay,2025,9,6,5,1,September,0,9.861245800637166,3,2
2025-09-06,BPJS,8264.14,EXPENSE,Tagihan,Dompet Tunai,2025,9,6,5,1,September,0,9.019801949010635,5,1
2025-09-07,Makan Malam,10418.89,EXPENSE,Makan & Minum,Dompet Tunai,2025,9,7,6,1,September,0,9.251471758629755,4,1
2025-09-07,Air,15517.72,EXPENSE,Tagihan,Gopay,2025,9,7,6,1,September,0,9.64980231610922,5,2
2025-09-07,Iuran Bulanan,11172.78,EXPENSE,Tagihan,Dompet Tunai,2025,9,7,6,1,September,0,9.321325241262537,5,1
2025-09-07,Air,7644.3,EXPENSE,Tagihan,Gopay,2025,9,7,6,1,September,0,8.941846358927448,5,2
2025-09-07,Iuran Bulanan,11725.33,EXPENSE,Tagihan,BCA,2025,9,7,6,1,September,0,9.369592019717283,5,0
2025-09-07,Streaming,3383.71,EXPENSE,Hiburan,Dompet Tunai,2025,9,7,6,1,September,0,8.127023509593595,3,1
2025-09-07,Main Ke Mall,554.86,EXPENSE,Hiburan,BCA,2025,9,7,6,1,September,0,6.320516463982851,3,0
2025-09-07,Parkir,14638.47,EXPENSE,Tagihan,Dompet Tunai,2025,9,7,6,1,September,0,9.591476584674195,5,1
2025-09-08,Tissue,9273.22,EXPENSE,Belanja,Dompet Tunai,2025,9,8,0,0,September,0,9.134993786904241,0,1
2025-09-08,Kebutuhan Pokok,15201.23,EXPENSE,Belanja,Dompet Tunai,2025,9,8,0,0,September,0,9.629197406599747,0,1
2025-09-08,Kopi Pagi,9638.72,EXPENSE,Makan & Minum,BCA,2025,9,8,0,0,September,0,9.173647341539604,4,0
2025-09-08,Kebutuhan Pokok,15851.24,EXPENSE,Belanja,Gopay,2025,9,8,0,0,September,0,9.671066094241137,0,2
2025-09-08,Warung Nasi,20467.3,EXPENSE,Makan & Minum,Gopay,2025,9,8,0,0,September,0,9.92663262684317,4,2
2025-09-09,Warung Nasi,11152.96,EXPENSE,Makan & Minum,Gopay,2025,9,9,1,0,September,0,9.319549870785636,4,2
2025-09-09,Belanja Mingguan,9876.27,EXPENSE,Belanja,Dompet Tunai,2025,9,9,1,0,September,0,9.197991436770199,0,1
2025-09-10,Makan Siang,12532.8,EXPENSE,Makan & Minum,Gopay,2025,9,10,2,0,September,0,9.43618427405926,4,2
2025-09-10,Indomaret,15264.22,EXPENSE,Belanja,BCA,2025,9,10,2,0,September,0,9.633332317118843,0,0
2025-09-10,Listrik,17274.54,EXPENSE,Tagihan,Gopay,2025,9,10,2,0,September,0,9.75704690719218,5,2
2025-09-11,Internet,1326.42,EXPENSE,Tagihan,Dompet Tunai,2025,9,11,3,0,September,0,7.190992487646683,5,1
2025-09-11,Insentif,128683.4,INCOME,Gaji,BCA,2025,9,11,3,0,September,1,11.765118174116223,1,0
2025-09-11,Kopi Pagi,11798.03,EXPENSE,Makan & Minum,Gopay,2025,9,11,3,0,September,0,9.375772603685041,4,2
2025-09-11,Gofood,15010.83,EXPENSE,Makan & Minum,Dompet Tunai,2025,9,11,3,0,September,0,9.616593835916877,4,1
2025-09-12,Cemilan,775.42,EXPENSE,Makan & Minum,BCA,2025,9,12,4,0,September,0,6.654693610880642,4,0
2025-09-12,Warung Nasi,9594.08,EXPENSE,Makan & Minum,Dompet Tunai,2025,9,12,4,0,September,0,9.169005746082915,4,1
2025-09-12,Gofood,12777.29,EXPENSE,Makan & Minum,BCA,2025,9,12,4,0,September,0,9.45550291616223,4,0
2025-09-12,Gaji Bulanan,107282.68,INCOME,Gaji,Gopay,2025,9,12,4,0,September,1,11.583231820126368,1,2
2025-09-12,Makan Malam,1587.94,EXPENSE,Makan & Minum,BCA,2025,9,12,4,0,September,0,7.370822406226574,4,0
2025-09-12,Bioskop,839.45,EXPENSE,Hiburan,Gopay,2025,9,12,4,0,September,0,6.733937462679403,3,2
2025-09-12,Makan Siang,2867.17,EXPENSE,Makan & Minum,Gopay,2025,9,12,4,0,September,0,7.961429474718759,4,2
2025-09-12,Indomaret,700.22,EXPENSE,Belanja,Dompet Tunai,2025,9,12,4,0,September,0,6.552821675173121,0,1
2025-09-12,Investasi,175638.68,INCOME,Goals,BCA,2025,9,12,4,0,September,1,12.076189902765545,2,0
2025-09-12,BPJS,9898.38,EXPENSE,Tagihan,Gopay,2025,9,12,4,0,September,0,9.200227407898948,5,2
2025-09-13,Internet,3134.38,EXPENSE,Tagihan,BCA,2025,9,13,5,1,September,0,8.050505657842638,5,0
2025-09-13,Sabun,10321.21,EXPENSE,Belanja,Gopay,2025,9,13,5,1,September,0,9.242053163396118,0,2
2025-09-13,Kopi Pagi,9811.96,EXPENSE,Makan & Minum,BCA,2025,9,13,5,1,September,0,9.19145923997277,4,0
2025-09-13,Bioskop,14816.2,EXPENSE,Hiburan,Dompet Tunai,2025,9,13,5,1,September,0,9.603543947126681,3,1
2025-09-13,Indomaret,8153.59,EXPENSE,Belanja,BCA,2025,9,13,5,1,September,0,9.006336237886886,0,0
2025-09-13,Alfamart,20202.79,EXPENSE,Belanja,BCA,2025,9,13,5,1,September,0,9.913625489552535,0,0
2025-09-13,Iuran Bulanan,18283.32,EXPENSE,Tagihan,Gopay,2025,9,13,5,1,September,0,9.813799140939262,5,2
2025-09-13,Cemilan,19260.44,EXPENSE,Makan & Minum,Gopay,2025,9,13,5,1,September,0,9.865860448912391,4,2
2025-09-14,Insentif,156984.77,INCOME,Gaji,BCA,2025,9,14,6,1,September,1,11.963910443279994,1,0
2025-09-14,Tabungan,46202.53,INCOME,Goals,Gopay,2025,9,14,6,1,September,1,10.740811481077376,2,2
2025-09-14,Investasi,202507.96,INCOME,Goals,BCA,2025,9,14,6,1,September,1,12.218539411463444,2,0
2025-09-15,Pulsa,2093.34,EXPENSE,Tagihan,BCA,2025,9,15,0,0,September,0,7.646993746922513,5,0
2025-09-15,Sabun,3091.76,EXPENSE,Belanja,BCA,2025,9,15,0,0,September,0,8.036819175106075,0,0
2025-09-15,Top up Game,14036.77,EXPENSE,Hiburan,Dompet Tunai,2025,9,15,0,0,September,0,9.549506833055847,3,1
2025-09-15,Air,6140.4,EXPENSE,Tagihan,BCA,2025,9,15,0,0,September,0,8.722808008179484,5,0
2025-09-15,Tissue,4118.37,EXPENSE,Belanja,Dompet Tunai,2025,9,15,0,0,September,0,8.323455518029887,0,1
2025-09-16,BPJS,4106.31,EXPENSE,Tagihan,Gopay,2025,9,16,1,0,September,0,8.320523591994311,5,2
2025-09-17,Bunga Bank,50424.71,INCOME,Goals,Gopay,2025,9,17,2,0,September,1,10.828256443040589,2,2
2025-09-17,Iuran Bulanan,17500.85,EXPENSE,Tagihan,Dompet Tunai,2025,9,17,2,0,September,0,9.770061868609957,5,1
2025-09-17,Internet,8019.57,EXPENSE,Tagihan,Dompet Tunai,2025,9,17,2,0,September,0,8.989764770654245,5,1
2025-09-17,Freelance Project,195274.3,INCOME,Gaji,Gopay,2025,9,17,2,0,September,1,12.182165636772286,1,2
2025-09-17,Kebutuhan Pokok,5544.34,EXPENSE,Belanja,BCA,2025,9,17,2,0,September,0,8.62071321440604,0,0
2025-09-17,Pulsa,18320.97,EXPENSE,Tagihan,BCA,2025,9,17,2,0,September,0,9.815856165197982,5,0
2025-09-17,Parkir,13159.87,EXPENSE,Tagihan,BCA,2025,9,17,2,0,September,0,9.48500331211667,5,0
2025-09-17,Tissue,11179.24,EXPENSE,Belanja,Gopay,2025,9,17,2,0,September,0,9.321903213383868,0,2
2025-09-17,Gaji Bulanan,49343.05,INCOME,Gaji,Gopay,2025,9,17,2,0,September,1,10.806572470216912,1,2
2025-09-18,Indomaret,20273.17,EXPENSE,Belanja,Dompet Tunai,2025,9,18,3,0,September,0,9.917102941030993,0,1
2025-09-18,Investasi,154591.15,INCOME,Goals,Gopay,2025,9,18,3,0,September,1,11.948545637649667,2,2
2025-09-18,Kebutuhan Pokok,14648.32,EXPENSE,Belanja,BCA,2025,9,18,3,0,September,0,9.592149196985687,0,0
2025-09-18,Indomaret,14067.63,EXPENSE,Belanja,Gopay,2025,9,18,3,0,September,0,9.55170277507624,0,2
2025-09-18,Internet,1569.7,EXPENSE,Tagihan,BCA,2025,9,18,3,0,September,0,7.359276658848986,5,0
2025-09-18,Streaming,607.59,EXPENSE,Hiburan,Gopay,2025,9,18,3,0,September,0,6.411144806174411,3,2
2025-09-19,Alfamart,6618.75,EXPENSE,Belanja,Gopay,2025,9,19,4,0,September,0,8.79781288386751,0,2
2025-09-19,Main Ke Mall,17034.35,EXPENSE,Hiburan,BCA,2025,9,19,4,0,September,0,9.743045875818842,3,0
2025-09-19,BPJS,15561.9,EXPENSE,Tagihan,Dompet Tunai,2025,9,19,4,0,September,0,9.652645155687997,5,1
2025-09-19,Jajan Sore,11711.46,EXPENSE,Makan & Minum,BCA,2025,9,19,4,0,September,0,9.368408511386097,4,0
2025-09-19,Parkir,9411.88,EXPENSE,Tagihan,Dompet Tunai,2025,9,19,4,0,September,0,9.149834243139177,5,1
2025-09-19,Internet,3773.35,EXPENSE,Tagihan,Dompet Tunai,2025,9,19,4,0,September,0,8.235983461427049,5,1
2025-09-20,Alfamart,11257.99,EXPENSE,Belanja,Dompet Tunai,2025,9,20,5,1,September,0,9.32892219962439,0,1
2025-09-20,Iuran Bulanan,12217.35,EXPENSE,Tagihan,Dompet Tunai,2025,9,20,5,1,September,0,9.410694199059034,5,1
2025-09-20,Cemilan,9636.7,EXPENSE,Makan & Minum,Dompet Tunai,2025,9,20,5,1,September,0,9.17343776992604,4,1
2025-09-20,Indomaret,13382.23,EXPENSE,Belanja,Dompet Tunai,2025,9,20,5,1,September,0,9.501757709630914,0,1
2025-09-20,Gofood,3557.63,EXPENSE,Makan & Minum,Dompet Tunai,2025,9,20,5,1,September,0,8.177130918318772,4,1
2025-09-20,Tissue,3164.57,EXPENSE,Belanja,Gopay,2025,9,20,5,1,September,0,8.060088413149888,0,2
2025-09-20,Streaming,18977.06,EXPENSE,Hiburan,Dompet Tunai,2025,9,20,5,1,September,0,9.85103885408419,3,1
2025-09-21,Tissue,12726.53,EXPENSE,Belanja,BCA,2025,9,21,6,1,September,0,9.45152264287448,0,0
2025-09-21,Streaming,20104.03,EXPENSE,Hiburan,Dompet Tunai,2025,9,21,6,1,September,0,9.908725311496388,3,1
2025-09-21,Pulsa,9656.39,EXPENSE,Tagihan,Gopay,2025,9,21,6,1,September,0,9.175478704364256,5,2
2025-09-21,Main Ke Mall,873.13,EXPENSE,Hiburan,BCA,2025,9,21,6,1,September,0,6.773229106013392,3,0
2025-09-22,Cemilan,11897.59,EXPENSE,Makan & Minum,BCA,2025,9,22,0,0,September,0,9.384175184684477,4,0
2025-09-22,Sabun,7801.35,EXPENSE,Belanja,Gopay,2025,9,22,0,0,September,0,8.962180249352642,0,2
2025-09-22,Bioskop,10787.96,EXPENSE,Hiburan,BCA,2025,9,22,0,0,September,0,9.286278668064627,3,0
2025-09-22,Gofood,13444.74,EXPENSE,Makan & Minum,BCA,2025,9,22,0,0,September,0,9.506417606236345,4,0
2025-09-22,Bioskop,9946.29,EXPENSE,Hiburan,BCA,2025,9,22,0,0,September,0,9.20505543124638,3,0
2025-09-22,Streaming,16574.15,EXPENSE,Hiburan,Dompet Tunai,2025,9,22,0,0,September,0,9.71565986478687,3,1
2025-09-22,Investasi,210374.21,INCOME,Goals,Gopay,2025,9,22,0,0,September,1,12.256647929710077,2,2
2025-09-22,BPJS,15958.59,EXPENSE,Tagihan,BCA,2025,9,22,0,0,September,0,9.677815181450768,5,0
2025-09-23,Air,1834.44,EXPENSE,Tagihan,Gopay,2025,9,23,1,0,September,0,7.515039513761907,5,2
2025-09-23,Gofood,4939.85,EXPENSE,Makan & Minum,Dompet Tunai,2025,9,23,1,0,September,0,8.505292660157851,4,1
2025-09-23,Top up Game,1913.78,EXPENSE,Hiburan,Dompet Tunai,2025,9,23,1,0,September,0,7.557358012508718,3,1
2025-09-23,Main Ke Mall,20327.08,EXPENSE,Hiburan,Dompet Tunai,2025,9,23,1,0,September,0,9.919758460450737,3,1
2025-09-24,Makan Malam,1295.78,EXPENSE,Makan & Minum,BCA,2025,9,24,2,0,September,0,7.167639547723882,4,0
2025-09-24,Main Ke Mall,3589.11,EXPENSE,Hiburan,Gopay,2025,9,24,2,0,September,0,8.185938121681433,3,2
2025-09-24,Tabungan,87914.21,INCOME,Goals,Dompet Tunai,2025,9,24,2,0,September,1,11.384128106246662,2,1
2025-09-24,Top up Game,661.75,EXPENSE,Hiburan,Gopay,2025,9,24,2,0,September,0,6.496397845169135,3,2
2025-09-24,Streaming,7632.49,EXPENSE,Hiburan,Dompet Tunai,2025,9,24,2,0,September,0,8.940300424681073,3,1
2025-09-25,Tabungan,140892.2,INCOME,Goals,Dompet Tunai,2025,9,25,3,0,September,1,11.855757435544023,2,1
2025-09-25,Streaming,15589.27,EXPENSE,Hiburan,Gopay,2025,9,25,3,0,September,0,9.654402280695953,3,2
2025-09-25,Tissue,9949.53,EXPENSE,Belanja,Dompet Tunai,2025,9,25,3,0,September,0,9.205381095065697,0,1
2025-09-25,Gofood,19655.52,EXPENSE,Makan & Minum,BCA,2025,9,25,3,0,September,0,9.886164368877543,4,0
2025-09-25,Air,12234.09,EXPENSE,Tagihan,Gopay,2025,9,25,3,0,September,0,9.412063331795773,5,2
2025-09-25,Makan Malam,10460.09,EXPENSE,Makan & Minum,BCA,2025,9,25,3,0,September,0,9.25541793869075,4,0
2025-09-25,Iuran Bulanan,356.56,EXPENSE,Tagihan,BCA,2025,9,25,3,0,September,0,5.879303180219652,5,0
2025-09-25,Iuran Bulanan,10197.98,EXPENSE,Tagihan,BCA,2025,9,25,3,0,September,0,9.23004299427203,5,0
2025-09-25,Bioskop,12898.68,EXPENSE,Hiburan,Dompet Tunai,2025,9,25,3,0,September,0,9.464957783840534,3,1
2025-09-25,Tabungan,218191.41,INCOME,Goals,BCA,2025,9,25,3,0,September,1,12.293132567174826,2,0
2025-09-26,Tissue,7648.24,EXPENSE,Belanja,BCA,2025,9,26,4,0,September,0,8.942361575480172,0,0
2025-09-26,Jajan Sore,3311.98,EXPENSE,Makan & Minum,Dompet Tunai,2025,9,26,4,0,September,0,8.105603365457045,4,1
2025-09-27,Internet,7382.68,EXPENSE,Tagihan,BCA,2025,9,27,5,1,September,0,8.90702743829887,5,0
2025-09-27,Main Ke Mall,16055.88,EXPENSE,Hiburan,Dompet Tunai,2025,9,27,5,1,September,0,9.68389269714566,3,1
2025-09-27,Sabun,2845.06,EXPENSE,Belanja,Gopay,2025,9,27,5,1,September,0,7.953690860648232,0,2
2025-09-27,Parkir,5937.83,EXPENSE,Tagihan,Dompet Tunai,2025,9,27,5,1,September,0,8.689267423258643,5,1
2025-09-27,Gofood,10942.27,EXPENSE,Makan & Minum,BCA,2025,9,27,5,1,September,0,9.3004799344212,4,0
2025-09-28,Cashback,65397.63,INCOME,Goals,Dompet Tunai,2025,9,28,6,1,September,1,11.088256589213644,2,1
2025-09-28,Jajan Sore,15274.26,EXPENSE,Makan & Minum,Dompet Tunai,2025,9,28,6,1,September,0,9.633989805171531,4,1
2025-09-28,Streaming,6596.49,EXPENSE,Hiburan,BCA,2025,9,28,6,1,September,0,8.794444552650678,3,0
2025-09-29,Tissue,12940.91,EXPENSE,Belanja,Dompet Tunai,2025,9,29,0,0,September,0,9.468226161490112,0,1
2025-09-29,Jajan Sore,8443.92,EXPENSE,Makan & Minum,Dompet Tunai,2025,9,29,0,0,September,0,9.041320356136048,4,1
2025-09-29,Top up Game,3066.38,EXPENSE,Hiburan,Gopay,2025,9,29,0,0,September,0,8.028579056015467,3,2
2025-09-29,Bonus,12764.78,INCOME,Gaji,Dompet Tunai,2025,9,29,0,0,September,1,9.45452343239162,1,1
2025-09-29,Belanja Mingguan,10625.26,EXPENSE,Belanja,BCA,2025,9,29,0,0,September,0,9.271083574996883,0,0
2025-09-30,Tabungan,134554.67,INCOME,Goals,BCA,2025,9,30,1,0,September,1,11.809733295735395,2,0
2025-09-30,Iuran Bulanan,4226.57,EXPENSE,Tagihan,Dompet Tunai,2025,9,30,1,0,September,0,8.349382638885205,5,1
2025-10-01,Pulsa,8432.95,EXPENSE,Tagihan,BCA,2025,10,1,2,0,October,0,9.040020505903824,5,0
2025-10-01,Pulsa,11457.56,EXPENSE,Tagihan,BCA,2025,10,1,2,0,October,0,9.346492327923286,5,0
2025-10-01,Bioskop,9660.51,EXPENSE,Hiburan,BCA,2025,10,1,2,0,October,0,9.175905229690487,3,0
2025-10-01,Pulsa,1397.12,EXPENSE,Tagihan,Dompet Tunai,2025,10,1,2,0,October,0,7.24288375601985,5,1
2025-10-02,Makan Siang,4179.2,EXPENSE,Makan & Minum,Gopay,2025,10,2,3,0,October,0,8.338114371264128,4,2
2025-10-02,Gofood,1076.02,EXPENSE,Makan & Minum,BCA,2025,10,2,3,0,October,0,6.981953247086102,4,0
2025-10-02,BPJS,7568.76,EXPENSE,Tagihan,BCA,2025,10,2,3,0,October,0,8.931916641833796,5,0
2025-10-02,Kebutuhan Pokok,8915.7,EXPENSE,Belanja,Dompet Tunai,2025,10,2,3,0,October,0,9.095681201966812,0,1
2025-10-03,Top up Game,13221.41,EXPENSE,Hiburan,Dompet Tunai,2025,10,3,4,0,October,0,9.489668396337276,3,1
2025-10-03,Freelance Project,49017.44,INCOME,Gaji,BCA,2025,10,3,4,0,October,1,10.799951832830308,1,0
2025-10-03,Makan Malam,1888.21,EXPENSE,Makan & Minum,Dompet Tunai,2025,10,3,4,0,October,0,7.543914031253771,4,1
2025-10-04,Listrik,13694.01,EXPENSE,Tagihan,Gopay,2025,10,4,5,1,October,0,9.524786811890413,5,2
2025-10-04,Warung Nasi,2975.9,EXPENSE,Makan & Minum,Dompet Tunai,2025,10,4,5,1,October,0,7.9986377695883055,4,1
2025-10-04,Kebutuhan Pokok,7556.46,EXPENSE,Belanja,Dompet Tunai,2025,10,4,5,1,October,0,8.930290433884066,0,1
2025-10-04,Jajan Sore,12454.12,EXPENSE,Makan & Minum,Dompet Tunai,2025,10,4,5,1,October,0,9.429887062334734,4,1
2025-10-05,Kopi Pagi,12769.79,EXPENSE,Makan & Minum,BCA,2025,10,5,6,1,October,0,9.454915810856251,4,0
2025-10-05,Kopi Pagi,6448.44,EXPENSE,Makan & Minum,BCA,2025,10,5,6,1,October,0,8.77174858431517,4,0
2025-10-05,Cashback,88780.74,INCOME,Goals,BCA,2025,10,5,6,1,October,1,11.393936277204753,2,0
2025-10-05,Top up Game,5570.63,EXPENSE,Hiburan,Gopay,2025,10,5,6,1,October,0,8.62544292924909,3,2
2025-10-06,Bioskop,2022.35,EXPENSE,Hiburan,Dompet Tunai,2025,10,6,0,0,October,0,7.6125098325837985,3,1
2025-10-06,Air,13318.49,EXPENSE,Tagihan,Dompet Tunai,2025,10,6,0,0,October,0,9.496983655073077,5,1
2025-10-06,Main Ke Mall,10472.46,EXPENSE,Hiburan,Gopay,2025,10,6,0,0,October,0,9.25659971727588,3,2
2025-10-06,Alfamart,3015.43,EXPENSE,Belanja,Gopay,2025,10,6,0,0,October,0,8.011829291909587,0,2
2025-10-06,Kebutuhan Pokok,7659.8,EXPENSE,Belanja,Dompet Tunai,2025,10,6,0,0,October,0,8.9438716959236,0,1
2025-10-06,Top up Game,4940.57,EXPENSE,Hiburan,Dompet Tunai,2025,10,6,0,0,October,0,8.505438373455053,3,1
2025-10-07,Indomaret,4395.3,EXPENSE,Belanja,BCA,2025,10,7,1,0,October,0,8.38851855705306,0,0
2025-10-07,Warung Nasi,1841.37,EXPENSE,Makan & Minum,Dompet Tunai,2025,10,7,1,0,October,0,7.518808065264916,4,1
2025-10-08,Cemilan,11230.76,EXPENSE,Makan & Minum,BCA,2025,10,8,2,0,October,0,9.326500758515936,4,0
2025-10-08,Sabun,2663.66,EXPENSE,Belanja,Dompet Tunai,2025,10,8,2,0,October,0,7.887831748723622,0,1
2025-10-08,Freelance Project,161667.72,INCOME,Gaji,Gopay,2025,10,8,2,0,October,1,11.99330458220178,1,2
2025-10-08,Bioskop,290.83,EXPENSE,Hiburan,BCA,2025,10,8,2,0,October,0,5.676171440948019,3,0
2025-10-08,Top up Game,1035.2,EXPENSE,Hiburan,BCA,2025,10,8,2,0,October,0,6.943315454380688,3,0
2025-10-09,BPJS,8695.43,EXPENSE,Tagihan,Gopay,2025,10,9,3,0,October,0,9.070667875600611,5,2
2025-10-09,Internet,2487.16,EXPENSE,Tagihan,Gopay,2025,10,9,3,0,October,0,7.8192987604730275,5,2
2025-10-10,Main Ke Mall,8329.87,EXPENSE,Hiburan,Gopay,2025,10,10,4,0,October,0,9.027723171483936,3,2
2025-10-10,Cemilan,13223.96,EXPENSE,Makan & Minum,BCA,2025,10,10,4,0,October,0,9.489861232147257,4,0
2025-10-10,Kebutuhan Pokok,1264.06,EXPENSE,Belanja,Gopay,2025,10,10,4,0,October,0,7.1428748308668535,0,2
2025-10-10,Warung Nasi,4170.52,EXPENSE,Makan & Minum,BCA,2025,10,10,4,0,October,0,8.336035756769087,4,0
2025-10-11,Iuran Bulanan,8246.55,EXPENSE,Tagihan,Dompet Tunai,2025,10,11,5,1,October,0,9.017671465527524,5,1
2025-10-11,Top up Game,7447.05,EXPENSE,Hiburan,BCA,2025,10,11,5,1,October,0,8.91570753214597,3,0
2025-10-11,Pulsa,9279.19,EXPENSE,Tagihan,BCA,2025,10,11,5,1,October,0,9.135637299708584,5,0
2025-10-11,Pulsa,10955.08,EXPENSE,Tagihan,Dompet Tunai,2025,10,11,5,1,October,0,9.301649832291323,5,1
2025-10-11,Pulsa,8814.76,EXPENSE,Tagihan,Dompet Tunai,2025,10,11,5,1,October,0,9.084296307791647,5,1
2025-10-12,Tissue,13118.78,EXPENSE,Belanja,BCA,2025,10,12,6,1,October,0,9.481876294064808,0,0
2025-10-12,Tissue,7371.45,EXPENSE,Belanja,Dompet Tunai,2025,10,12,6,1,October,0,8.905505358706447,0,1
2025-10-12,Kebutuhan Pokok,8225.61,EXPENSE,Belanja,Dompet Tunai,2025,10,12,6,1,October,0,9.015129301158934,0,1
2025-10-12,Warung Nasi,3229.42,EXPENSE,Makan & Minum,Gopay,2025,10,12,6,1,October,0,8.080367438723162,4,2
2025-10-12,Kopi Pagi,13996.0,EXPENSE,Makan & Minum,Gopay,2025,10,12,6,1,October,0,9.546598299920646,4,2
2025-10-12,Tabungan,69434.44,INCOME,Goals,BCA,2025,10,12,6,1,October,1,11.148152678975215,2,0
2025-10-13,Makan Siang,12031.41,EXPENSE,Makan & Minum,Gopay,2025,10,13,0,0,October,0,9.395359121406926,4,2
2025-10-13,Main Ke Mall,6088.72,EXPENSE,Hiburan,Gopay,2025,10,13,0,0,October,0,8.714357382635473,3,2
2025-10-13,Top up Game,6779.12,EXPENSE,Hiburan,Gopay,2025,10,13,0,0,October,0,8.821750079892858,3,2
2025-10-14,Kebutuhan Pokok,13013.36,EXPENSE,Belanja,BCA,2025,10,14,1,0,October,0,9.473808642189619,0,0
2025-10-14,Listrik,8917.8,EXPENSE,Tagihan,Gopay,2025,10,14,1,0,October,0,9.095916687376215,5,2
2025-10-14,Alfamart,3898.83,EXPENSE,Belanja,Gopay,2025,10,14,1,0,October,0,8.268688241424087,0,2
2025-10-14,Freelance Project,144845.99,INCOME,Gaji,Dompet Tunai,2025,10,14,1,0,October,1,11.883433222864223,1,1
2025-10-14,Sabun,8589.27,EXPENSE,Belanja,BCA,2025,10,14,1,0,October,0,9.058385446381884,0,0
2025-10-14,Top up Game,8346.41,EXPENSE,Hiburan,Gopay,2025,10,14,1,0,October,0,9.029706590088528,3,2
2025-10-14,Air,6034.58,EXPENSE,Tagihan,Dompet Tunai,2025,10,14,1,0,October,0,8.705427234961794,5,1
2025-10-15,Cemilan,2305.31,EXPENSE,Makan & Minum,Dompet Tunai,2025,10,15,2,0,October,0,7.743404123710583,4,1
2025-10-15,Jajan Sore,10517.99,EXPENSE,Makan & Minum,BCA,2025,10,15,2,0,October,0,9.260937474078114,4,0
2025-10-15,Tabungan,114746.05,INCOME,Goals,Dompet Tunai,2025,10,15,2,0,October,1,11.650485419531332,2,1
2025-10-15,Parkir,2337.96,EXPENSE,Tagihan,BCA,2025,10,15,2,0,October,0,7.757461665112597,5,0
2025-10-16,Kopi Pagi,6970.16,EXPENSE,Makan & Minum,Dompet Tunai,2025,10,16,3,0,October,0,8.84953691745367,4,1
2025-10-16,Kopi Pagi,6672.1,EXPENSE,Makan & Minum,Dompet Tunai,2025,10,16,3,0,October,0,8.805839798554846,4,1
2025-10-16,Cashback,86639.25,INCOME,Goals,BCA,2025,10,16,3,0,October,1,11.36951976717394,2,0
2025-10-17,Gaji Bulanan,44151.69,INCOME,Gaji,Dompet Tunai,2025,10,17,4,0,October,1,10.695409132828352,1,1
2025-10-17,Top up Game,9064.44,EXPENSE,Hiburan,BCA,2025,10,17,4,0,October,0,9.112224660345257,3,0
2025-10-17,Pulsa,6005.82,EXPENSE,Tagihan,Gopay,2025,10,17,4,0,October,0,8.700650769360415,5,2
2025-10-17,Insentif,67072.72,INCOME,Gaji,BCA,2025,10,17,4,0,October,1,11.113547591995825,1,0
2025-10-17,Bioskop,7940.29,EXPENSE,Hiburan,BCA,2025,10,17,4,0,October,0,8.979831009558456,3,0
2025-10-17,Indomaret,3662.52,EXPENSE,Belanja,Dompet Tunai,2025,10,17,4,0,October,0,8.206179712845387,0,1
2025-10-17,Top up Game,2805.3,EXPENSE,Hiburan,Gopay,2025,10,17,4,0,October,0,7.9396221687037745,3,2
2025-10-17,Freelance Project,147402.92,INCOME,Gaji,Dompet Tunai,2025,10,17,4,0,October,1,11.900931852684973,1,1
2025-10-17,Parkir,5440.68,EXPENSE,Tagihan,Gopay,2025,10,17,4,0,October,0,8.601843115703229,5,2
2025-10-17,Belanja Mingguan,1534.2,EXPENSE,Belanja,BCA,2025,10,17,4,0,October,0,7.33641594469349,0,0
2025-10-18,Bunga Bank,40728.24,INCOME,Goals,Gopay,2025,10,18,5,1,October,1,10.6147015410036,2,2
2025-10-18,Kopi Pagi,2026.41,EXPENSE,Makan & Minum,BCA,2025,10,18,5,1,October,0,7.614514395361902,4,0
2025-10-18,Streaming,12433.38,EXPENSE,Hiburan,Gopay,2025,10,18,5,1,October,0,9.428220495726295,3,2
2025-10-18,Makan Malam,12956.19,EXPENSE,Makan & Minum,BCA,2025,10,18,5,1,October,0,9.469406125409543,4,0
2025-10-18,Cashback,94483.78,INCOME,Goals,BCA,2025,10,18,5,1,October,1,11.45619404230951,2,0
2025-10-18,Streaming,7545.08,EXPENSE,Hiburan,BCA,2025,10,18,5,1,October,0,8.928783502111314,3,0
2025-10-18,Internet,6260.68,EXPENSE,Tagihan,Dompet Tunai,2025,10,18,5,1,October,0,8.742203798696224,5,1
2025-10-18,BPJS,6820.61,EXPENSE,Tagihan,Gopay,2025,10,18,5,1,October,0,8.827850793358511,5,2
2025-10-19,Iuran Bulanan,6931.69,EXPENSE,Tagihan,BCA,2025,10,19,6,1,October,0,8.844003184254646,5,0
2025-10-19,Warung Nasi,5277.55,EXPENSE,Makan & Minum,Dompet Tunai,2025,10,19,6,1,October,0,8.571406717772875,4,1
2025-10-19,Belanja Mingguan,8695.73,EXPENSE,Belanja,BCA,2025,10,19,6,1,October,0,9.070702371919857,0,0
2025-10-19,Pulsa,3826.97,EXPENSE,Tagihan,BCA,2025,10,19,6,1,October,0,8.25008991555154,5,0
2025-10-19,Listrik,13324.79,EXPENSE,Tagihan,Dompet Tunai,2025,10,19,6,1,October,0,9.497456534331047,5,1
2025-10-19,Pulsa,10594.74,EXPENSE,Tagihan,Gopay,2025,10,19,6,1,October,0,9.268207312529565,5,2
2025-10-20,Kopi Pagi,4486.36,EXPENSE,Makan & Minum,Gopay,2025,10,20,0,0,October,0,8.409019834538286,4,2
2025-10-20,Makan Siang,1137.43,EXPENSE,Makan & Minum,Dompet Tunai,2025,10,20,0,0,October,0,7.03740539920424,4,1
2025-10-20,Pulsa,7196.17,EXPENSE,Tagihan,Dompet Tunai,2025,10,20,0,0,October,0,8.881443172182008,5,1
2025-10-20,Alfamart,2619.77,EXPENSE,Belanja,Gopay,2025,10,20,0,0,October,0,7.871223446706788,0,2
2025-10-21,Bioskop,2370.47,EXPENSE,Hiburan,Dompet Tunai,2025,10,21,1,0,October,0,7.771265295016243,3,1
2025-10-21,Warung Nasi,5266.86,EXPENSE,Makan & Minum,Gopay,2025,10,21,1,0,October,0,8.569379486959543,4,2
2025-10-21,Streaming,3093.02,EXPENSE,Hiburan,Gopay,2025,10,21,1,0,October,0,8.03722649523623,3,2
2025-10-21,Bioskop,13687.27,EXPENSE,Hiburan,Dompet Tunai,2025,10,21,1,0,October,0,9.524294540684327,3,1
2025-10-22,Parkir,12385.13,EXPENSE,Tagihan,Gopay,2025,10,22,2,0,October,0,9.424332577163902,5,2
2025-10-22,Warung Nasi,3188.8,EXPENSE,Makan & Minum,Gopay,2025,10,22,2,0,October,0,8.067713497888654,4,2
2025-10-22,Belanja Mingguan,7470.71,EXPENSE,Belanja,Dompet Tunai,2025,10,22,2,0,October,0,8.918879167592321,0,1
2025-10-22,Insentif,141700.85,INCOME,Gaji,BCA,2025,10,22,2,0,October,1,11.861480481345135,1,0
2025-10-22,Cemilan,8005.19,EXPENSE,Makan & Minum,Dompet Tunai,2025,10,22,2,0,October,0,8.987970271471765,4,1
2025-10-22,Streaming,7196.71,EXPENSE,Hiburan,Gopay,2025,10,22,2,0,October,0,8.881518198858195,3,2
2025-10-22,Jajan Sore,9084.63,EXPENSE,Makan & Minum,Gopay,2025,10,22,2,0,October,0,9.114449323500311,4,2
2025-10-22,Indomaret,2805.78,EXPENSE,Belanja,Dompet Tunai,2025,10,22,2,0,October,0,7.939793197800516,0,1
2025-10-22,Listrik,11176.8,EXPENSE,Tagihan,Dompet Tunai,2025,10,22,2,0,October,0,9.32168494738115,5,1
2025-10-23,Belanja Mingguan,4005.39,EXPENSE,Belanja,BCA,2025,10,23,3,0,October,0,8.295645865456219,0,0
2025-10-23,Bunga Bank,105115.95,INCOME,Goals,Dompet Tunai,2025,10,23,3,0,October,1,11.562828818837845,2,1
2025-10-23,Jajan Sore,5014.24,EXPENSE,Makan & Minum,BCA,2025,10,23,3,0,October,0,8.520236555681661,4,0
2025-10-23,Warung Nasi,11766.35,EXPENSE,Makan & Minum,BCA,2025,10,23,3,0,October,0,9.37308402622146,4,0
2025-10-23,Air,12253.73,EXPENSE,Tagihan,Gopay,2025,10,23,3,0,October,0,9.413667263895764,5,2
2025-10-23,Cashback,145340.74,INCOME,Goals,Dompet Tunai,2025,10,23,3,0,October,1,11.886843076026857,2,1
2025-10-23,Bioskop,8098.1,EXPENSE,Hiburan,Dompet Tunai,2025,10,23,3,0,October,0,8.999508223376122,3,1
2025-10-24,Tissue,1235.89,EXPENSE,Belanja,Dompet Tunai,2025,10,24,4,0,October,0,7.120355443620333,0,1
2025-10-24,Kopi Pagi,12661.23,EXPENSE,Makan & Minum,Dompet Tunai,2025,10,24,4,0,October,0,9.44637882552605,4,1
2025-10-24,Main Ke Mall,3324.3,EXPENSE,Hiburan,Gopay,2025,10,24,4,0,October,0,8.109315174583783,3,2
2025-10-24,Gofood,4483.56,EXPENSE,Makan & Minum,Gopay,2025,10,24,4,0,October,0,8.40839566488655,4,2
2025-10-25,Pulsa,1630.0,EXPENSE,Tagihan,BCA,2025,10,25,5,1,October,0,7.396948602621014,5,0
2025-10-25,Jajan Sore,9388.16,EXPENSE,Makan & Minum,Dompet Tunai,2025,10,25,5,1,October,0,9.147311111331796,4,1
2025-10-25,Main Ke Mall,11117.05,EXPENSE,Hiburan,Gopay,2025,10,25,5,1,October,0,9.31632519271503,3,2
2025-10-25,Tissue,3781.12,EXPENSE,Belanja,Gopay,2025,10,25,5,1,October,0,8.238039977958827,0,2
2025-10-25,Kopi Pagi,11657.07,EXPENSE,Makan & Minum,BCA,2025,10,25,5,1,October,0,9.363753923047925,4,0
2025-10-26,Makan Siang,3085.08,EXPENSE,Makan & Minum,Dompet Tunai,2025,10,26,6,1,October,0,8.034656956112697,4,1
2025-10-26,Parkir,9983.21,EXPENSE,Tagihan,Gopay,2025,10,26,6,1,October,0,9.20876012404185,5,2
2025-10-26,Belanja Mingguan,10902.48,EXPENSE,Belanja,Dompet Tunai,2025,10,26,6,1,October,0,9.29683728331772,0,1
2025-10-26,Gofood,550.24,EXPENSE,Makan & Minum,Gopay,2025,10,26,6,1,October,0,6.312170286006944,4,2
2025-10-26,Internet,4510.42,EXPENSE,Tagihan,BCA,2025,10,26,6,1,October,0,8.414367238815846,5,0
2025-10-26,Alfamart,870.02,EXPENSE,Belanja,BCA,2025,10,26,6,1,October,0,6.769664938701392,0,0
2025-10-26,Makan Siang,12486.18,EXPENSE,Makan & Minum,BCA,2025,10,26,6,1,October,0,9.432457797002842,4,0
2025-10-26,Kopi Pagi,13334.33,EXPENSE,Makan & Minum,Dompet Tunai,2025,10,26,6,1,October,0,9.498172183216552,4,1
2025-10-26,Kebutuhan Pokok,7404.92,EXPENSE,Belanja,Dompet Tunai,2025,10,26,6,1,October,0,8.910034959362825,0,1
2025-10-27,Bioskop,12452.61,EXPENSE,Hiburan,Dompet Tunai,2025,10,27,0,0,October,0,9.42976581970198,3,1
2025-10-27,Cashback,45513.42,INCOME,Goals,BCA,2025,10,27,0,0,October,1,10.725784477806455,2,0
2025-10-27,Iuran Bulanan,8424.91,EXPENSE,Tagihan,BCA,2025,10,27,0,0,October,0,9.039066761257137,5,0
2025-10-27,Investasi,131208.11,INCOME,Goals,BCA,2025,10,27,0,0,October,1,11.78454758905717,2,0
2025-10-27,Kebutuhan Pokok,4583.78,EXPENSE,Belanja,Dompet Tunai,2025,10,27,0,0,October,0,8.430497400987566,0,1
2025-10-27,Parkir,5636.91,EXPENSE,Tagihan,BCA,2025,10,27,0,0,October,0,8.63726870843916,5,0
2025-10-29,Warung Nasi,13003.29,EXPENSE,Makan & Minum,Dompet Tunai,2025,10,29,2,0,October,0,9.47303458200565,4,1
2025-10-29,Iuran Bulanan,4133.89,EXPENSE,Tagihan,Dompet Tunai,2025,10,29,2,0,October,0,8.327216004927406,5,1
2025-10-29,Bioskop,13871.43,EXPENSE,Hiburan,BCA,2025,10,29,2,0,October,0,9.5376586962331,3,0
2025-10-29,Tissue,5886.66,EXPENSE,Belanja,Gopay,2025,10,29,2,0,October,0,8.680613914176213,0,2
2025-10-29,Makan Siang,825.54,EXPENSE,Makan & Minum,Dompet Tunai,2025,10,29,2,0,October,0,6.717248312944193,4,1
2025-10-29,Iuran Bulanan,13007.09,EXPENSE,Tagihan,Dompet Tunai,2025,10,29,2,0,October,0,9.473326750582846,5,1
2025-10-29,Warung Nasi,12999.49,EXPENSE,Makan & Minum,Gopay,2025,10,29,2,0,October,0,9.47274232804103,4,2
2025-10-29,Bunga Bank,172731.25,INCOME,Goals,Gopay,2025,10,29,2,0,October,1,12.059497986712605,2,2
2025-10-29,Indomaret,13746.79,EXPENSE,Belanja,Gopay,2025,10,29,2,0,October,0,9.528633362903978,0,2
2025-10-30,Kebutuhan Pokok,1663.1,EXPENSE,Belanja,Gopay,2025,10,30,3,0,October,0,7.417039715729299,0,2
2025-10-30,Makan Malam,8308.51,EXPENSE,Makan & Minum,Gopay,2025,10,30,3,0,October,0,9.025155921008697,4,2
2025-10-30,Cashback,126269.08,INCOME,Goals,Gopay,2025,10,30,3,0,October,1,11.746178383995526,2,2
2025-10-30,Belanja Mingguan,5287.83,EXPENSE,Belanja,Dompet Tunai,2025,10,30,3,0,October,0,8.573352328367521,0,1
2025-10-31,Tabungan,37269.62,INCOME,Goals,Gopay,2025,10,31,4,0,October,1,10.5259606276985,2,2
2025-10-31,Gofood,2029.82,EXPENSE,Makan & Minum,Gopay,2025,10,31,4,0,October,0,7.616194931360376,4,2
2025-10-31,Main Ke Mall,1551.66,EXPENSE,Hiburan,Gopay,2025,10,31,4,0,October,0,7.34772486807868,3,2
2025-10-31,Jajan Sore,5033.66,EXPENSE,Makan & Minum,Gopay,2025,10,31,4,0,October,0,8.524101275563753,4,2
2025-10-31,Jajan Sore,6293.23,EXPENSE,Makan & Minum,Dompet Tunai,2025,10,31,4,0,October,0,8.7473886196958,4,1
2025-10-31,Main Ke Mall,3502.85,EXPENSE,Hiburan,Gopay,2025,10,31,4,0,October,0,8.161617642920806,3,2
2025-10-31,Top up Game,8349.39,EXPENSE,Hiburan,Gopay,2025,10,31,4,0,October,0,9.030063523341008,3,2
2025-10-31,Makan Malam,11979.23,EXPENSE,Makan & Minum,BCA,2025,10,31,4,0,October,0,9.391013070149588,4,0
2025-11-01,Bioskop,8006.53,EXPENSE,Hiburan,BCA,2025,11,1,5,1,November,0,8.988137627963964,3,0
2025-11-01,Tissue,2334.19,EXPENSE,Belanja,Gopay,2025,11,1,5,1,November,0,7.755848537242281,0,2
2025-11-01,Kebutuhan Pokok,6034.54,EXPENSE,Belanja,Gopay,2025,11,1,5,1,November,0,8.70542060757345,0,2
2025-11-01,Listrik,12725.4,EXPENSE,Tagihan,BCA,2025,11,1,5,1,November,0,9.451433855013372,5,0
2025-11-01,Internet,11612.13,EXPENSE,Tagihan,BCA,2025,11,1,5,1,November,0,9.359891633534259,5,0
2025-11-01,Jajan Sore,12801.84,EXPENSE,Makan & Minum,Gopay,2025,11,1,5,1,November,0,9.457422300297091,4,2
2025-11-01,Gofood,7791.25,EXPENSE,Makan & Minum,Gopay,2025,11,1,5,1,November,0,8.960884928996595,4,2
2025-11-01,Parkir,483.31,EXPENSE,Tagihan,BCA,2025,11,1,5,1,November,0,6.182725197554465,5,0
2025-11-01,Makan Malam,12485.81,EXPENSE,Makan & Minum,Dompet Tunai,2025,11,1,5,1,November,0,9.432428166174926,4,1
2025-11-02,Tissue,9885.29,EXPENSE,Belanja,Dompet Tunai,2025,11,2,6,1,November,0,9.19890422784896,0,1
2025-11-02,Air,9410.32,EXPENSE,Tagihan,Gopay,2025,11,2,6,1,November,0,9.14966849904343,5,2
2025-11-03,Top up Game,2690.01,EXPENSE,Hiburan,BCA,2025,11,3,0,0,November,0,7.897671866810674,3,0
2025-11-03,Gofood,10571.17,EXPENSE,Makan & Minum,Gopay,2025,11,3,0,0,November,0,9.265980355806775,4,2
2025-11-03,Parkir,3570.16,EXPENSE,Tagihan,Dompet Tunai,2025,11,3,0,0,November,0,8.180645751967363,5,1
2025-11-03,Makan Siang,10933.4,EXPENSE,Makan & Minum,Gopay,2025,11,3,0,0,November,0,9.299669061920973,4,2
2025-11-03,Kopi Pagi,11907.31,EXPENSE,Makan & Minum,Gopay,2025,11,3,0,0,November,0,9.384991754715863,4,2
2025-11-04,Streaming,12196.25,EXPENSE,Hiburan,Gopay,2025,11,4,1,0,November,0,9.408965795476666,3,2
2025-11-04,Gofood,11595.57,EXPENSE,Makan & Minum,Gopay,2025,11,4,1,0,November,0,9.358464643714479,4,2
2025-11-04,Makan Siang,129.96,EXPENSE,Makan & Minum,Gopay,2025,11,4,1,0,November,0,4.874891933062879,4,2
2025-11-04,Listrik,2205.37,EXPENSE,Tagihan,Gopay,2025,11,4,1,0,November,0,7.6991039101373175,5,2
2025-11-04,Bunga Bank,84507.61,INCOME,Goals,Dompet Tunai,2025,11,4,1,0,November,1,11.344608701645601,2,1
2025-11-04,Air,1136.26,EXPENSE,Tagihan,Dompet Tunai,2025,11,4,1,0,November,0,7.036377139552804,5,1
2025-11-04,Sabun,2193.32,EXPENSE,Belanja,Dompet Tunai,2025,11,4,1,0,November,0,7.693627482524281,0,1
2025-11-04,Gofood,6693.85,EXPENSE,Makan & Minum,Dompet Tunai,2025,11,4,1,0,November,0,8.809093853094597,4,1
2025-11-05,Sabun,51.61,EXPENSE,Belanja,BCA,2025,11,5,2,0,November,0,3.962906215742716,0,0
2025-11-05,Streaming,12356.73,EXPENSE,Hiburan,Dompet Tunai,2025,11,5,2,0,November,0,9.422037057186749,3,1
2025-11-05,Sabun,2785.45,EXPENSE,Belanja,BCA,2025,11,5,2,0,November,0,7.9325236631916844,0,0
2025-11-05,Warung Nasi,9965.49,EXPENSE,Makan & Minum,BCA,2025,11,5,2,0,November,0,9.206983744801057,4,0
2025-11-05,Air,6277.5,EXPENSE,Tagihan,Dompet Tunai,2025,11,5,2,0,November,0,8.744886377429019,5,1
2025-11-05,Pulsa,12745.77,EXPENSE,Tagihan,BCA,2025,11,5,2,0,November,0,9.45303318515893,5,0
2025-11-05,Makan Siang,9859.31,EXPENSE,Makan & Minum,Dompet Tunai,2025,11,5,2,0,November,0,9.19627288726472,4,1
2025-11-05,Pulsa,11779.43,EXPENSE,Tagihan,BCA,2025,11,5,2,0,November,0,9.374194959086065,5,0
2025-11-05,Parkir,9171.78,EXPENSE,Tagihan,Dompet Tunai,2025,11,5,2,0,November,0,9.123995681792419,5,1
2025-11-06,Makan Malam,1407.5,EXPENSE,Makan & Minum,BCA,2025,11,6,3,0,November,0,7.2502805873164275,4,0
2025-11-06,Bioskop,5056.13,EXPENSE,Hiburan,Dompet Tunai,2025,11,6,3,0,November,0,8.52855440769044,3,1
2025-11-06,Top up Game,1158.18,EXPENSE,Hiburan,BCA,2025,11,6,3,0,November,0,7.055468137579511,3,0
2025-11-06,Warung Nasi,6386.96,EXPENSE,Makan & Minum,Dompet Tunai,2025,11,6,3,0,November,0,8.762170247574534,4,1
2025-11-06,Makan Malam,2582.42,EXPENSE,Makan & Minum,Dompet Tunai,2025,11,6,3,0,November,0,7.856869381503645,4,1
2025-11-07,Belanja Mingguan,1053.74,EXPENSE,Belanja,Gopay,2025,11,7,4,0,November,0,6.9610495700398545,0,2
2025-11-07,Indomaret,6211.32,EXPENSE,Belanja,Dompet Tunai,2025,11,7,4,0,November,0,8.734289696142076,0,1
2025-11-07,Air,12657.48,EXPENSE,Tagihan,BCA,2025,11,7,4,0,November,0,9.446082625298851,5,0
2025-11-07,Pulsa,3134.62,EXPENSE,Tagihan,Gopay,2025,11,7,4,0,November,0,8.050582200658813,5,2
2025-11-08,Pulsa,4977.27,EXPENSE,Tagihan,Dompet Tunai,2025,11,8,5,1,November,0,8.512837720106734,5,1
2025-11-08,Alfamart,7715.56,EXPENSE,Belanja,Dompet Tunai,2025,11,8,5,1,November,0,8.951123947856566,0,1
2025-11-08,Jajan Sore,8765.22,EXPENSE,Makan & Minum,Gopay,2025,11,8,5,1,November,0,9.07866097762938,4,2
2025-11-08,Cashback,165770.96,INCOME,Goals,BCA,2025,11,8,5,1,November,1,12.01836838796004,2,0
2025-11-08,Streaming,12339.23,EXPENSE,Hiburan,BCA,2025,11,8,5,1,November,0,9.420619935859426,3,0
2025-11-09,Top up Game,3894.15,EXPENSE,Hiburan,Dompet Tunai,2025,11,9,6,1,November,0,8.267487468474748,3,1
2025-11-09,Streaming,2548.33,EXPENSE,Hiburan,Gopay,2025,11,9,6,1,November,0,7.843585858530892,3,2
2025-11-09,Tabungan,176743.44,INCOME,Goals,BCA,2025,11,9,6,1,November,1,12.08246012640407,2,0
2025-11-09,Pulsa,4498.01,EXPENSE,Tagihan,Dompet Tunai,2025,11,9,6,1,November,0,8.411612651554861,5,1
2025-11-10,Alfamart,5281.36,EXPENSE,Belanja,BCA,2025,11,10,0,0,November,0,8.572128246536078,0,0
2025-11-10,Cashback,7557.48,INCOME,Goals,Gopay,2025,11,10,0,0,November,1,8.93042539075761,2,2
2025-11-10,Alfamart,6444.98,EXPENSE,Belanja,Gopay,2025,11,10,0,0,November,0,8.771211959671222,0,2
2025-11-10,Bioskop,7173.76,EXPENSE,Hiburan,Dompet Tunai,2025,11,10,0,0,November,0,8.878324590591024,3,1
2025-11-10,Main Ke Mall,1031.66,EXPENSE,Hiburan,Gopay,2025,11,10,0,0,November,0,6.939893276509944,3,2
2025-11-11,Iuran Bulanan,7104.06,EXPENSE,Tagihan,BCA,2025,11,11,1,0,November,0,8.868562485252758,5,0
2025-11-11,Jajan Sore,5058.26,EXPENSE,Makan & Minum,BCA,2025,11,11,1,0,November,0,8.528975506527372,4,0
2025-11-11,Freelance Project,69765.92,INCOME,Gaji,Dompet Tunai,2025,11,11,1,0,November,1,11.152915250910846,1,1
2025-11-12,Main Ke Mall,1114.28,EXPENSE,Hiburan,BCA,2025,11,12,2,0,November,0,7.016860773444833,3,0
2025-11-12,Sabun,5005.05,EXPENSE,Belanja,BCA,2025,11,12,2,0,November,0,8.518402459956222,0,0
2025-11-12,Gofood,6295.47,EXPENSE,Makan & Minum,Dompet Tunai,2025,11,12,2,0,November,0,8.747744437882815,4,1
2025-11-12,Indomaret,11762.79,EXPENSE,Belanja,BCA,2025,11,12,2,0,November,0,9.372781448443488,0,0
2025-11-12,Top up Game,3174.67,EXPENSE,Hiburan,Gopay,2025,11,12,2,0,November,0,8.063273912686487,3,2
2025-11-13,Insentif,68363.27,INCOME,Gaji,Dompet Tunai,2025,11,13,3,0,November,1,11.132605598707674,1,1
2025-11-13,BPJS,7425.51,EXPENSE,Tagihan,Gopay,2025,11,13,3,0,November,0,8.912811309998002,5,2
2025-11-13,Investasi,125468.32,INCOME,Goals,Dompet Tunai,2025,11,13,3,0,November,1,11.739816545516838,2,1
2025-11-13,Gofood,7607.45,EXPENSE,Makan & Minum,BCA,2025,11,13,3,0,November,0,8.937014750741021,4,0
2025-11-13,Warung Nasi,12474.12,EXPENSE,Makan & Minum,BCA,2025,11,13,3,0,November,0,9.431491539811931,4,0
2025-11-13,Main Ke Mall,2963.16,EXPENSE,Hiburan,Gopay,2025,11,13,3,0,November,0,7.994348966065663,3,2
2025-11-13,Parkir,10536.47,EXPENSE,Tagihan,BCA,2025,11,13,3,0,November,0,9.262692755330969,5,0
2025-11-13,Bioskop,11953.71,EXPENSE,Hiburan,Gopay,2025,11,13,3,0,November,0,9.388880621965415,3,2
2025-11-13,Makan Siang,407.1,EXPENSE,Makan & Minum,Dompet Tunai,2025,11,13,3,0,November,0,6.01151224241176,4,1
2025-11-14,Makan Siang,9249.82,EXPENSE,Makan & Minum,Gopay,2025,11,14,4,0,November,0,9.13246747522606,4,2
2025-11-14,Gaji Bulanan,71955.43,INCOME,Gaji,BCA,2025,11,14,4,0,November,1,11.183816075938866,1,0
2025-11-14,Warung Nasi,11395.34,EXPENSE,Makan & Minum,BCA,2025,11,14,4,0,November,0,9.341047530202578,4,0
2025-11-14,Listrik,11386.0,EXPENSE,Tagihan,Gopay,2025,11,14,4,0,November,0,9.340227632810604,5,2
2025-11-14,Indomaret,1248.93,EXPENSE,Belanja,BCA,2025,11,14,4,0,November,0,7.130842828728288,0,0
2025-11-14,Top up Game,1493.83,EXPENSE,Hiburan,Dompet Tunai,2025,11,14,4,0,November,0,7.3097677669844625,3,1
2025-11-15,Parkir,5265.74,EXPENSE,Tagihan,Dompet Tunai,2025,11,15,5,1,November,0,8.569166854300642,5,1
2025-11-15,Warung Nasi,12934.82,EXPENSE,Makan & Minum,BCA,2025,11,15,5,1,November,0,9.46775548650336,4,0
2025-11-15,Freelance Project,93398.56,INCOME,Gaji,BCA,2025,11,15,5,1,November,1,11.444641913285066,1,0
2025-11-15,Sabun,3711.55,EXPENSE,Belanja,BCA,2025,11,15,5,1,November,0,8.21947425103373,0,0
2025-11-15,Listrik,2914.22,EXPENSE,Tagihan,BCA,2025,11,15,5,1,November,0,7.9777005676348605,5,0
2025-11-15,Sabun,3094.0,EXPENSE,Belanja,BCA,2025,11,15,5,1,November,0,8.037543185118697,0,0
2025-11-15,Bonus,220908.67,INCOME,Gaji,Gopay,2025,11,15,5,1,November,1,12.305509163914103,1,2
2025-11-16,Main Ke Mall,12633.91,EXPENSE,Hiburan,Gopay,2025,11,16,6,1,November,0,9.44421889672609,3,2
2025-11-16,Kebutuhan Pokok,4151.62,EXPENSE,Belanja,Gopay,2025,11,16,6,1,November,0,8.331494739323967,0,2
2025-11-16,Sabun,5336.55,EXPENSE,Belanja,Dompet Tunai,2025,11,16,6,1,November,0,8.582522025174502,0,1
2025-11-16,Makan Siang,5681.37,EXPENSE,Makan & Minum,Gopay,2025,11,16,6,1,November,0,8.64512367821028,4,2
2025-11-16,Iuran Bulanan,10862.21,EXPENSE,Tagihan,Gopay,2025,11,16,6,1,November,0,9.29313712992323,5,2
2025-11-16,Listrik,11940.75,EXPENSE,Tagihan,BCA,2025,11,16,6,1,November,0,9.387795942370976,5,0
2025-11-17,Listrik,5704.2,EXPENSE,Tagihan,BCA,2025,11,17,0,0,November,0,8.649133318649268,5,0
2025-11-17,Gofood,11741.47,EXPENSE,Makan & Minum,BCA,2025,11,17,0,0,November,0,9.37096746307566,4,0
2025-11-17,Sabun,3541.48,EXPENSE,Belanja,Gopay,2025,11,17,0,0,November,0,8.172582325818482,0,2
2025-11-17,Investasi,35646.94,INCOME,Goals,Gopay,2025,11,17,0,0,November,1,10.481446640161662,2,2
2025-11-17,Warung Nasi,11963.04,EXPENSE,Makan & Minum,Dompet Tunai,2025,11,17,0,0,November,0,9.389660763107674,4,1
2025-11-17,Indomaret,1379.37,EXPENSE,Belanja,Dompet Tunai,2025,11,17,0,0,November,0,7.230106858156623,0,1
2025-11-17,Belanja Mingguan,5810.13,EXPENSE,Belanja,Gopay,2025,11,17,0,0,November,0,8.667530323189524,0,2
2025-11-18,Warung Nasi,9408.53,EXPENSE,Makan & Minum,Dompet Tunai,2025,11,18,1,0,November,0,9.149478284467001,4,1
2025-11-18,Parkir,10014.27,EXPENSE,Tagihan,Dompet Tunai,2025,11,18,1,0,November,0,9.211866207297176,5,1
2025-11-18,Iuran Bulanan,10042.05,EXPENSE,Tagihan,Gopay,2025,11,18,1,0,November,0,9.214636131973,5,2
2025-11-18,Belanja Mingguan,6781.5,EXPENSE,Belanja,BCA,2025,11,18,1,0,November,0,8.822101044533087,0,0
2025-11-18,Main Ke Mall,4740.98,EXPENSE,Hiburan,BCA,2025,11,18,1,0,November,0,8.464210048986764,3,0
2025-11-19,Main Ke Mall,9190.02,EXPENSE,Hiburan,Dompet Tunai,2025,11,19,2,0,November,0,9.125982199397521,3,1
2025-11-19,Makan Siang,2432.31,EXPENSE,Makan & Minum,BCA,2025,11,19,2,0,November,0,7.797007749381302,4,0
2025-11-19,Air,6147.48,EXPENSE,Tagihan,BCA,2025,11,19,2,0,November,0,8.723960175781318,5,0
2025-11-19,Listrik,2753.31,EXPENSE,Tagihan,Gopay,2025,11,19,2,0,November,0,7.920922236497736,5,2
2025-11-19,Investasi,47105.62,INCOME,Goals,Gopay,2025,11,19,2,0,November,1,10.760168822144985,2,2
2025-11-20,Iuran Bulanan,81.28,EXPENSE,Tagihan,Dompet Tunai,2025,11,20,3,0,November,0,4.4101280647847565,5,1
2025-11-20,Sabun,5634.53,EXPENSE,Belanja,BCA,2025,11,20,3,0,November,0,8.63684647706429,0,0
2025-11-20,Sabun,2769.46,EXPENSE,Belanja,Dompet Tunai,2025,11,20,3,0,November,0,7.926768650376071,0,1
2025-11-20,Cemilan,5322.81,EXPENSE,Makan & Minum,Dompet Tunai,2025,11,20,3,0,November,0,8.579944491425147,4,1
2025-11-20,Kebutuhan Pokok,12843.55,EXPENSE,Belanja,Gopay,2025,11,20,3,0,November,0,9.460674875843507,0,2
2025-11-20,Makan Malam,10153.07,EXPENSE,Makan & Minum,Gopay,2025,11,20,3,0,November,0,9.225629889318519,4,2
2025-11-20,Belanja Mingguan,1803.04,EXPENSE,Belanja,Dompet Tunai,2025,11,20,3,0,November,0,7.497783873325755,0,1
2025-11-21,Streaming,4163.07,EXPENSE,Hiburan,Dompet Tunai,2025,11,21,4,0,November,0,8.334248240352446,3,1
2025-11-21,Internet,9716.62,EXPENSE,Tagihan,BCA,2025,11,21,4,0,November,0,9.18169601150529,5,0
2025-11-21,Jajan Sore,11111.52,EXPENSE,Makan & Minum,BCA,2025,11,21,4,0,November,0,9.315827679595568,4,0
2025-11-21,Investasi,187547.89,INCOME,Goals,BCA,2025,11,21,4,0,November,1,12.141794837070766,2,0
2025-11-21,Tissue,13357.06,EXPENSE,Belanja,Gopay,2025,11,21,4,0,November,0,9.499875226965866,0,2
2025-11-21,Bioskop,560.1,EXPENSE,Hiburan,Dompet Tunai,2025,11,21,4,0,November,0,6.3298991427569264,3,1
2025-11-21,Internet,10604.99,EXPENSE,Tagihan,Dompet Tunai,2025,11,21,4,0,November,0,9.2691742148341,5,1
2025-11-22,Bioskop,12625.74,EXPENSE,Hiburan,Gopay,2025,11,22,5,1,November,0,9.443572066429189,3,2
2025-11-22,Bioskop,2924.53,EXPENSE,Hiburan,Gopay,2025,11,22,5,1,November,0,7.981230939833035,3,2
2025-11-22,Pulsa,4781.67,EXPENSE,Tagihan,Dompet Tunai,2025,11,22,5,1,November,0,8.472754246945069,5,1
2025-11-22,Freelance Project,140620.5,INCOME,Gaji,Gopay,2025,11,22,5,1,November,1,11.8538271627422,1,2
2025-11-23,Kebutuhan Pokok,9732.22,EXPENSE,Belanja,BCA,2025,11,23,6,1,November,0,9.183300055684857,0,0
2025-11-23,Top up Game,10839.65,EXPENSE,Hiburan,Dompet Tunai,2025,11,23,6,1,November,0,9.291058236295553,3,1
2025-11-23,Iuran Bulanan,12710.55,EXPENSE,Tagihan,BCA,2025,11,23,6,1,November,0,9.450266307967567,5,0
2025-11-23,Bonus,95848.91,INCOME,Gaji,BCA,2025,11,23,6,1,November,1,11.470538809506214,1,0
2025-11-24,Main Ke Mall,1312.83,EXPENSE,Hiburan,Gopay,2025,11,24,0,0,November,0,7.180701814723472,3,2
2025-11-25,Cemilan,9598.67,EXPENSE,Makan & Minum,BCA,2025,11,25,1,0,November,0,9.169484001865094,4,0
2025-11-25,Makan Siang,7080.86,EXPENSE,Makan & Minum,BCA,2025,11,25,1,0,November,0,8.865291864049453,4,0
2025-11-25,Belanja Mingguan,5403.12,EXPENSE,Belanja,Dompet Tunai,2025,11,25,1,0,November,0,8.594916904607047,0,1
2025-11-25,Streaming,706.39,EXPENSE,Hiburan,BCA,2025,11,25,1,0,November,0,6.561582140397784,3,0
2025-11-26,Bunga Bank,234603.57,INCOME,Goals,Dompet Tunai,2025,11,26,2,0,November,1,12.36565669497768,2,1
2025-11-26,Main Ke Mall,8947.19,EXPENSE,Hiburan,Gopay,2025,11,26,2,0,November,0,9.099206556179848,3,2
2025-11-26,Cemilan,8311.33,EXPENSE,Makan & Minum,Gopay,2025,11,26,2,0,November,0,9.025495233627163,4,2
2025-11-26,Warung Nasi,5486.42,EXPENSE,Makan & Minum,Gopay,2025,11,26,2,0,November,0,8.61021347868946,4,2
2025-11-26,Internet,11115.98,EXPENSE,Tagihan,Gopay,2025,11,26,2,0,November,0,9.316228948185492,5,2
2025-11-27,Gaji Bulanan,252328.23,INCOME,Gaji,BCA,2025,11,27,3,0,November,1,12.43848998206047,1,0
2025-11-27,Makan Siang,9319.3,EXPENSE,Makan & Minum,Dompet Tunai,2025,11,27,3,0,November,0,9.139950096002789,4,1
2025-11-27,Bioskop,10807.72,EXPENSE,Hiburan,Dompet Tunai,2025,11,27,3,0,November,0,9.288108494741703,3,1
2025-11-27,Main Ke Mall,2243.35,EXPENSE,Hiburan,BCA,2025,11,27,3,0,November,0,7.716171225959801,3,0
2025-11-27,Tissue,9348.96,EXPENSE,Belanja,BCA,2025,11,27,3,0,November,0,9.143127344198716,0,0
2025-11-27,Bioskop,10805.14,EXPENSE,Hiburan,BCA,2025,11,27,3,0,November,0,9.2878697700854,3,0
2025-11-27,Alfamart,6634.1,EXPENSE,Belanja,BCA,2025,11,27,3,0,November,0,8.800129018242785,0,0
2025-11-28,Indomaret,5947.16,EXPENSE,Belanja,Dompet Tunai,2025,11,28,4,0,November,0,8.690837207016504,0,1
2025-11-28,Cashback,41213.25,INCOME,Goals,BCA,2025,11,28,4,0,November,1,10.626539349323476,2,0
2025-11-28,Iuran Bulanan,3037.03,EXPENSE,Tagihan,BCA,2025,11,28,4,0,November,0,8.01896455802467,5,0
2025-11-28,Streaming,7118.4,EXPENSE,Hiburan,Gopay,2025,11,28,4,0,November,0,8.870578731192213,3,2
2025-11-29,Parkir,4168.62,EXPENSE,Tagihan,Gopay,2025,11,29,5,1,November,0,8.3355801835422,5,2
2025-11-29,BPJS,8160.82,EXPENSE,Tagihan,BCA,2025,11,29,5,1,November,0,9.007222462304291,5,0
2025-11-29,Listrik,9988.0,EXPENSE,Tagihan,Gopay,2025,11,29,5,1,November,0,9.20923976653215,5,2
2025-11-29,Kebutuhan Pokok,1034.93,EXPENSE,Belanja,BCA,2025,11,29,5,1,November,0,6.94305485296907,0,0
2025-11-29,Jajan Sore,9026.2,EXPENSE,Makan & Minum,BCA,2025,11,29,5,1,November,0,9.107997520807677,4,0
2025-11-30,Cashback,157636.8,INCOME,Goals,BCA,2025,11,30,6,1,November,1,11.968055275362786,2,0
2025-11-30,Listrik,903.29,EXPENSE,Tagihan,Gopay,2025,11,30,6,1,November,0,6.807150105408171,5,2
2025-11-30,Warung Nasi,1823.59,EXPENSE,Makan & Minum,Gopay,2025,11,30,6,1,November,0,7.509110583243062,4,2
2025-11-30,Bunga Bank,151904.63,INCOME,Goals,Dompet Tunai,2025,11,30,6,1,November,1,11.931014751754818,2,1
2025-11-30,Kebutuhan Pokok,1009.74,EXPENSE,Belanja,Dompet Tunai,2025,11,30,6,1,November,0,6.918438014828603,0,1
2025-11-30,Tissue,1948.69,EXPENSE,Belanja,BCA,2025,11,30,6,1,November,0,7.575425664561055,0,0
2025-11-30,Makan Malam,10966.02,EXPENSE,Makan & Minum,Gopay,2025,11,30,6,1,November,0,9.302647866411323,4,2
2025-12-01,Pulsa,7123.78,EXPENSE,Tagihan,Dompet Tunai,2025,12,1,0,0,December,0,8.871334127467158,5,1
2025-12-01,Makan Siang,5014.48,EXPENSE,Makan & Minum,BCA,2025,12,1,0,0,December,0,8.520284408677268,4,0
2025-12-01,Main Ke Mall,14473.85,EXPENSE,Hiburan,Gopay,2025,12,1,0,0,December,0,9.580167939693203,3,2
2025-12-01,Cashback,187410.16,INCOME,Goals,Dompet Tunai,2025,12,1,0,0,December,1,12.141060198774262,2,1
2025-12-01,Parkir,15000.58,EXPENSE,Tagihan,Dompet Tunai,2025,12,1,0,0,December,0,9.615910807870515,5,1
2025-12-02,Main Ke Mall,4807.83,EXPENSE,Hiburan,Gopay,2025,12,2,1,0,December,0,8.478209090268127,3,2
2025-12-02,Belanja Mingguan,598.07,EXPENSE,Belanja,BCA,2025,12,2,1,0,December,0,6.39537845272341,0,0
2025-12-02,Belanja Mingguan,7639.07,EXPENSE,Belanja,BCA,2025,12,2,1,0,December,0,8.941162044422258,0,0
2025-12-02,Indomaret,763.19,EXPENSE,Belanja,Dompet Tunai,2025,12,2,1,0,December,0,6.638816449347492,0,1
2025-12-02,Gofood,4922.97,EXPENSE,Makan & Minum,BCA,2025,12,2,1,0,December,0,8.501870394678148,4,0
2025-12-02,Streaming,14861.43,EXPENSE,Hiburan,Gopay,2025,12,2,1,0,December,0,9.606591831147744,3,2
2025-12-03,Sabun,9226.13,EXPENSE,Belanja,Gopay,2025,12,3,2,0,December,0,9.129903336565683,0,2
2025-12-03,Bioskop,2747.83,EXPENSE,Hiburan,Gopay,2025,12,3,2,0,December,0,7.918930645583698,3,2
2025-12-03,Air,8111.55,EXPENSE,Tagihan,Gopay,2025,12,3,2,0,December,0,9.00116752432155,5,2
2025-12-03,Kebutuhan Pokok,13252.28,EXPENSE,Belanja,BCA,2025,12,3,2,0,December,0,9.492000347949435,0,0
2025-12-03,Gofood,9950.2,EXPENSE,Makan & Minum,Dompet Tunai,2025,12,3,2,0,December,0,9.205448425895755,4,1
2025-12-03,Pulsa,13384.61,EXPENSE,Tagihan,Gopay,2025,12,3,2,0,December,0,9.50193552831908,5,2
2025-12-03,BPJS,7476.31,EXPENSE,Tagihan,Dompet Tunai,2025,12,3,2,0,December,0,8.919628380619255,5,1
2025-12-04,Kopi Pagi,6360.44,EXPENSE,Makan & Minum,Gopay,2025,12,4,3,0,December,0,8.758010045800479,4,2
2025-12-04,Jajan Sore,5600.51,EXPENSE,Makan & Minum,Gopay,2025,12,4,3,0,December,0,8.630791483233281,4,2
2025-12-05,Kebutuhan Pokok,6365.0,EXPENSE,Belanja,Dompet Tunai,2025,12,5,4,0,December,0,8.758726607842037,0,1
2025-12-05,Bioskop,15488.87,EXPENSE,Hiburan,Dompet Tunai,2025,12,5,4,0,December,0,9.6479415408644,3,1
2025-12-05,Iuran Bulanan,4485.53,EXPENSE,Tagihan,BCA,2025,12,5,4,0,December,0,8.408834853442604,5,0
2025-12-05,Kebutuhan Pokok,2218.11,EXPENSE,Belanja,BCA,2025,12,5,4,0,December,0,7.704861493583174,0,0
2025-12-06,Pulsa,3126.89,EXPENSE,Tagihan,BCA,2025,12,6,5,1,December,0,8.048113934806446,5,0
2025-12-06,Makan Malam,9871.22,EXPENSE,Makan & Minum,Dompet Tunai,2025,12,6,5,1,December,0,9.197480031148071,4,1
2025-12-06,Pulsa,2480.79,EXPENSE,Tagihan,Gopay,2025,12,6,5,1,December,0,7.816735352998853,5,2
2025-12-06,Main Ke Mall,8700.32,EXPENSE,Hiburan,Dompet Tunai,2025,12,6,5,1,December,0,9.071230017271663,3,1
2025-12-07,Iuran Bulanan,3970.89,EXPENSE,Tagihan,Dompet Tunai,2025,12,7,6,1,December,0,8.286997330924581,5,1
2025-12-07,Air,11630.75,EXPENSE,Tagihan,Gopay,2025,12,7,6,1,December,0,9.361493707107671,5,2
2025-12-07,Insentif,46581.48,INCOME,Gaji,Gopay,2025,12,7,6,1,December,1,10.748979783755692,1,2
2025-12-08,Tabungan,236502.77,INCOME,Goals,Dompet Tunai,2025,12,8,0,0,December,1,12.373719427590455,2,1
2025-12-08,Air,4426.26,EXPENSE,Tagihan,BCA,2025,12,8,0,0,December,0,8.395536161524852,5,0
2025-12-09,Investasi,73298.0,INCOME,Goals,Gopay,2025,12,9,1,0,December,1,11.20230224521688,2,2
2025-12-09,Listrik,9092.04,EXPENSE,Tagihan,BCA,2025,12,9,1,0,December,0,9.11526456470447,5,0
2025-12-09,Tissue,9133.89,EXPENSE,Belanja,BCA,2025,12,9,1,0,December,0,9.119856427141357,0,0
2025-12-10,BPJS,5224.26,EXPENSE,Tagihan,Dompet Tunai,2025,12,10,2,0,December,0,8.561259836360536,5,1
2025-12-11,Streaming,14099.73,EXPENSE,Hiburan,Dompet Tunai,2025,12,11,3,0,December,0,9.553981848075727,3,1
2025-12-11,Cemilan,3883.91,EXPENSE,Makan & Minum,BCA,2025,12,11,3,0,December,0,8.264855096510246,4,0
2025-12-11,Gofood,9176.71,EXPENSE,Makan & Minum,Gopay,2025,12,11,3,0,December,0,9.124532997157687,4,2
2025-12-11,Makan Malam,973.96,EXPENSE,Makan & Minum,Gopay,2025,12,11,3,0,December,0,6.882396444515247,4,2
2025-12-11,Kebutuhan Pokok,7573.19,EXPENSE,Belanja,Gopay,2025,12,11,3,0,December,0,8.932501693967007,0,2
2025-12-11,Internet,12622.39,EXPENSE,Tagihan,BCA,2025,12,11,3,0,December,0,9.443306721259113,5,0
2025-12-11,Cemilan,938.9,EXPENSE,Makan & Minum,Gopay,2025,12,11,3,0,December,0,6.845773486626256,4,2
2025-12-11,Gofood,14882.6,EXPENSE,Makan & Minum,Dompet Tunai,2025,12,11,3,0,December,0,9.608015214609285,4,1
2025-12-11,Bioskop,10309.72,EXPENSE,Hiburan,Dompet Tunai,2025,12,11,3,0,December,0,9.24093940968419,3,1
2025-12-12,Top up Game,15451.58,EXPENSE,Hiburan,Dompet Tunai,2025,12,12,4,0,December,0,9.645531258675828,3,1
2025-12-12,Listrik,14260.45,EXPENSE,Tagihan,Gopay,2025,12,12,4,0,December,0,9.56531537182837,5,2
2025-12-12,Kopi Pagi,12362.36,EXPENSE,Makan & Minum,Gopay,2025,12,12,4,0,December,0,9.422492538728811,4,2
2025-12-12,Listrik,10826.54,EXPENSE,Tagihan,Dompet Tunai,2025,12,12,4,0,December,0,9.289848167378887,5,1
2025-12-12,Tabungan,52174.27,INCOME,Goals,Dompet Tunai,2025,12,12,4,0,December,1,10.862363906824202,2,1
2025-12-12,Cemilan,5743.18,EXPENSE,Makan & Minum,Dompet Tunai,2025,12,12,4,0,December,0,8.655942447284419,4,1
2025-12-12,Warung Nasi,10086.84,EXPENSE,Makan & Minum,Gopay,2025,12,12,4,0,December,0,9.219086017090746,4,2
2025-12-13,Alfamart,10935.85,EXPENSE,Belanja,Dompet Tunai,2025,12,13,5,1,December,0,9.299893100328493,0,1
2025-12-13,Cashback,161158.04,INCOME,Goals,Dompet Tunai,2025,12,13,5,1,December,1,11.990146982474437,2,1
2025-12-14,Cemilan,13663.24,EXPENSE,Makan & Minum,BCA,2025,12,14,6,1,December,0,9.52253748027691,4,0
2025-12-14,Streaming,3506.42,EXPENSE,Hiburan,BCA,2025,12,14,6,1,December,0,8.162636003448506,3,0
2025-12-14,Kebutuhan Pokok,13059.19,EXPENSE,Belanja,Gopay,2025,12,14,6,1,December,0,9.477323950963495,0,2
2025-12-14,Freelance Project,7553.21,INCOME,Gaji,BCA,2025,12,14,6,1,December,1,8.929860302727137,1,0
2025-12-14,Insentif,31571.88,INCOME,Gaji,Dompet Tunai,2025,12,14,6,1,December,1,10.360053803238536,1,1
2025-12-15,Freelance Project,120569.94,INCOME,Gaji,Dompet Tunai,2025,12,15,0,0,December,1,11.699993572381869,1,1
2025-12-15,Main Ke Mall,7003.34,EXPENSE,Hiburan,BCA,2025,12,15,0,0,December,0,8.854285235916857,3,0
2025-12-15,Makan Malam,831.22,EXPENSE,Makan & Minum,Dompet Tunai,2025,12,15,0,0,December,0,6.7240968289445116,4,1
2025-12-15,BPJS,12290.58,EXPENSE,Tagihan,BCA,2025,12,15,0,0,December,0,9.416669754101695,5,0
2025-12-15,Gaji Bulanan,140727.93,INCOME,Gaji,Gopay,2025,12,15,0,0,December,1,11.854590836749885,1,2
2025-12-15,BPJS,11964.98,EXPENSE,Tagihan,BCA,2025,12,15,0,0,December,0,9.389822902546273,5,0
2025-12-16,Top up Game,14229.7,EXPENSE,Hiburan,Gopay,2025,12,16,1,0,December,0,9.563156881722227,3,2
2025-12-16,Jajan Sore,12368.56,EXPENSE,Makan & Minum,Gopay,2025,12,16,1,0,December,0,9.422993894826666,4,2
2025-12-16,Warung Nasi,6007.65,EXPENSE,Makan & Minum,BCA,2025,12,16,1,0,December,0,8.700955376673178,4,0
2025-12-16,Gofood,3493.23,EXPENSE,Makan & Minum,BCA,2025,12,16,1,0,December,0,8.158868315659719,4,0
2025-12-16,Iuran Bulanan,658.86,EXPENSE,Tagihan,BCA,2025,12,16,1,0,December,0,6.492027691307464,5,0
2025-12-16,Streaming,12559.71,EXPENSE,Hiburan,Dompet Tunai,2025,12,16,1,0,December,0,9.438328967086925,3,1
2025-12-16,Cemilan,15654.29,EXPENSE,Makan & Minum,Dompet Tunai,2025,12,16,1,0,December,0,9.658564158022019,4,1
2025-12-17,Freelance Project,1014.28,INCOME,Gaji,Dompet Tunai,2025,12,17,2,0,December,1,6.922919715501909,1,1
2025-12-17,Streaming,2548.01,EXPENSE,Hiburan,Dompet Tunai,2025,12,17,2,0,December,0,7.843460327475521,3,1
2025-12-17,Streaming,14718.23,EXPENSE,Hiburan,Gopay,2025,12,17,2,0,December,0,9.596910081132053,3,2
2025-12-17,Pulsa,7586.68,EXPENSE,Tagihan,Gopay,2025,12,17,2,0,December,0,8.934281158315358,5,2
2025-12-17,Bioskop,8091.36,EXPENSE,Hiburan,Gopay,2025,12,17,2,0,December,0,8.998675685681645,3,2
2025-12-18,Top up Game,12435.26,EXPENSE,Hiburan,Dompet Tunai,2025,12,18,3,0,December,0,9.428371678004162,3,1
2025-12-18,Air,3849.21,EXPENSE,Tagihan,Gopay,2025,12,18,3,0,December,0,8.255882971248827,5,2
2025-12-18,Belanja Mingguan,7376.69,EXPENSE,Belanja,Gopay,2025,12,18,3,0,December,0,8.906215860467167,0,2
2025-12-18,Gofood,9450.05,EXPENSE,Makan & Minum,Gopay,2025,12,18,3,0,December,0,9.153881125426517,4,2
2025-12-18,Streaming,4181.99,EXPENSE,Hiburan,Dompet Tunai,2025,12,18,3,0,December,0,8.338781580810606,3,1
2025-12-19,Makan Malam,15540.32,EXPENSE,Makan & Minum,Gopay,2025,12,19,4,0,December,0,9.651257562399206,4,2
2025-12-19,Makan Malam,11921.68,EXPENSE,Makan & Minum,BCA,2025,12,19,4,0,December,0,9.38619774756313,4,0
2025-12-19,Kopi Pagi,1379.15,EXPENSE,Makan & Minum,Dompet Tunai,2025,12,19,4,0,December,0,7.22994746789648,4,1
2025-12-19,Internet,5669.08,EXPENSE,Tagihan,Gopay,2025,12,19,4,0,December,0,8.642958505969705,5,2
2025-12-19,BPJS,2045.14,EXPENSE,Tagihan,BCA,2025,12,19,4,0,December,0,7.623710370368065,5,0
2025-12-20,Kebutuhan Pokok,1233.28,EXPENSE,Belanja,Dompet Tunai,2025,12,20,5,1,December,0,7.118243083102442,0,1
2025-12-20,Main Ke Mall,8455.76,EXPENSE,Hiburan,BCA,2025,12,20,5,1,December,0,9.042721400521783,3,0
2025-12-20,Freelance Project,93348.1,INCOME,Gaji,BCA,2025,12,20,5,1,December,1,11.444101507787881,1,0
2025-12-20,Freelance Project,223450.92,INCOME,Gaji,Dompet Tunai,2025,12,20,5,1,December,1,12.316951546850975,1,1
2025-12-20,Main Ke Mall,13054.93,EXPENSE,Hiburan,Dompet Tunai,2025,12,20,5,1,December,0,9.476997715669908,3,1
2025-12-20,Streaming,15410.32,EXPENSE,Hiburan,BCA,2025,12,20,5,1,December,0,9.642857583308873,3,0
2025-12-21,Sabun,9887.23,EXPENSE,Belanja,Dompet Tunai,2025,12,21,6,1,December,0,9.19910043994475,0,1
2025-12-21,Top up Game,1261.62,EXPENSE,Hiburan,Gopay,2025,12,21,6,1,December,0,7.140944206137547,3,2
2025-12-21,Iuran Bulanan,4698.23,EXPENSE,Tagihan,BCA,2025,12,21,6,1,December,0,8.45515394448935,5,0
2025-12-21,Kopi Pagi,13784.92,EXPENSE,Makan & Minum,Gopay,2025,12,21,6,1,December,0,9.531403060440221,4,2
2025-12-21,Belanja Mingguan,11617.19,EXPENSE,Belanja,BCA,2025,12,21,6,1,December,0,9.360327252352306,0,0
2025-12-22,Cemilan,14217.69,EXPENSE,Makan & Minum,Gopay,2025,12,22,0,0,December,0,9.562312575344238,4,2
2025-12-22,Parkir,6824.31,EXPENSE,Tagihan,Gopay,2025,12,22,0,0,December,0,8.828393040267068,5,2
2025-12-22,Parkir,14362.68,EXPENSE,Tagihan,Dompet Tunai,2025,12,22,0,0,December,0,9.572458077180801,5,1
2025-12-22,Indomaret,10957.46,EXPENSE,Belanja,BCA,2025,12,22,0,0,December,0,9.301867039680513,0,0
2025-12-22,Kebutuhan Pokok,6765.71,EXPENSE,Belanja,Dompet Tunai,2025,12,22,0,0,December,0,8.819770280282151,0,1
2025-12-22,Top up Game,7474.01,EXPENSE,Hiburan,Gopay,2025,12,22,0,0,December,0,8.919320736050635,3,2
2025-12-22,Investasi,43861.24,INCOME,Goals,BCA,2025,12,22,0,0,December,1,10.688809092259197,2,0
2025-12-22,Bioskop,15222.27,EXPENSE,Hiburan,BCA,2025,12,22,0,0,December,0,9.63058045722201,3,0
2025-12-22,Top up Game,13857.9,EXPENSE,Hiburan,Gopay,2025,12,22,0,0,December,0,9.536682904514954,3,2
2025-12-23,Streaming,15082.69,EXPENSE,Hiburan,Dompet Tunai,2025,12,23,1,0,December,0,9.62136930658923,3,1
2025-12-23,Gofood,8352.44,EXPENSE,Makan & Minum,Dompet Tunai,2025,12,23,1,0,December,0,9.030428709053973,4,1
2025-12-23,Indomaret,670.86,EXPENSE,Belanja,Dompet Tunai,2025,12,23,1,0,December,0,6.510049985485413,0,1
2025-12-23,Main Ke Mall,9233.61,EXPENSE,Hiburan,Dompet Tunai,2025,12,23,1,0,December,0,9.130713661097314,3,1
2025-12-23,Main Ke Mall,4599.59,EXPENSE,Hiburan,Gopay,2025,12,23,1,0,December,0,8.433939835122029,3,2
2025-12-23,Warung Nasi,16151.66,EXPENSE,Makan & Minum,Gopay,2025,12,23,1,0,December,0,9.689840020970632,4,2
2025-12-23,Alfamart,13765.71,EXPENSE,Belanja,Dompet Tunai,2025,12,23,1,0,December,0,9.530008637975818,0,1
2025-12-23,Gaji Bulanan,104179.32,INCOME,Gaji,Dompet Tunai,2025,12,23,1,0,December,1,11.5538785229013,1,1
2025-12-23,Pulsa,14546.05,EXPENSE,Tagihan,BCA,2025,12,23,1,0,December,0,9.58514350290236,5,0
2025-12-23,Main Ke Mall,11428.32,EXPENSE,Hiburan,Dompet Tunai,2025,12,23,1,0,December,0,9.343937262455674,3,1
2025-12-24,Gofood,13117.85,EXPENSE,Makan & Minum,BCA,2025,12,24,2,0,December,0,9.481805406217356,4,0
2025-12-24,Top up Game,9078.31,EXPENSE,Hiburan,BCA,2025,12,24,2,0,December,0,9.113753477518435,3,0
2025-12-24,Bunga Bank,235392.14,INCOME,Goals,Dompet Tunai,2025,12,24,2,0,December,1,12.36901233149753,2,1
2025-12-24,Kopi Pagi,8753.54,EXPENSE,Makan & Minum,BCA,2025,12,24,2,0,December,0,9.077327701934692,4,0
2025-12-25,Parkir,14085.08,EXPENSE,Tagihan,Dompet Tunai,2025,12,25,3,0,December,0,9.552942354687211,5,1
2025-12-25,Indomaret,2944.17,EXPENSE,Belanja,Dompet Tunai,2025,12,25,3,0,December,0,7.987921819377221,0,1
2025-12-25,Investasi,227448.1,INCOME,Goals,BCA,2025,12,25,3,0,December,1,12.334681756076714,2,0
2025-12-25,Listrik,748.93,EXPENSE,Tagihan,BCA,2025,12,25,3,0,December,0,6.619979868841196,5,0
2025-12-25,Listrik,9193.07,EXPENSE,Tagihan,BCA,2025,12,25,3,0,December,0,9.126313989998273,5,0
2025-12-25,Belanja Mingguan,5591.77,EXPENSE,Belanja,Gopay,2025,12,25,3,0,December,0,8.629229971143909,0,2
2025-12-25,Sabun,10868.5,EXPENSE,Belanja,Dompet Tunai,2025,12,25,3,0,December,0,9.293715980897234,0,1
2025-12-25,Internet,2844.1,EXPENSE,Tagihan,Dompet Tunai,2025,12,25,3,0,December,0,7.953353495327592,5,1
2025-12-25,Sabun,6414.92,EXPENSE,Belanja,BCA,2025,12,25,3,0,December,0,8.766537680640683,0,0
2025-12-26,Makan Siang,11282.47,EXPENSE,Makan & Minum,Dompet Tunai,2025,12,26,4,0,December,0,9.331094101858929,4,1
2025-12-26,Internet,11746.47,EXPENSE,Tagihan,Gopay,2025,12,26,4,0,December,0,9.371393177238872,5,2
2025-12-26,Makan Malam,5194.68,EXPENSE,Makan & Minum,BCA,2025,12,26,4,0,December,0,8.555582790058747,4,0
2025-12-26,Tissue,615.65,EXPENSE,Belanja,Gopay,2025,12,26,4,0,December,0,6.424301602011997,0,2
2025-12-26,Indomaret,1048.81,EXPENSE,Belanja,BCA,2025,12,26,4,0,December,0,6.956364474396759,0,0
2025-12-27,Parkir,344.06,EXPENSE,Tagihan,Dompet Tunai,2025,12,27,5,1,December,0,5.843718314953718,5,1
2025-12-27,Bonus,10669.67,INCOME,Gaji,BCA,2025,12,27,5,1,December,1,9.275254135201635,1,0
2025-12-27,Bonus,21831.1,INCOME,Gaji,Gopay,2025,12,27,5,1,December,1,9.991136642810076,1,2
2025-12-27,Pulsa,558.99,EXPENSE,Tagihan,Gopay,2025,12,27,5,1,December,0,6.327918926426897,5,2
2025-12-27,Pulsa,13753.89,EXPENSE,Tagihan,Dompet Tunai,2025,12,27,5,1,December,0,9.52914967623473,5,1
2025-12-28,Streaming,14903.62,EXPENSE,Hiburan,Gopay,2025,12,28,6,1,December,0,9.609426510986772,3,2
2025-12-28,Streaming,8628.35,EXPENSE,Hiburan,Gopay,2025,12,28,6,1,December,0,9.06292446258503,3,2
2025-12-29,Cemilan,8544.34,EXPENSE,Makan & Minum,BCA,2025,12,29,0,0,December,0,9.053141384108613,4,0
2025-12-29,Bioskop,10690.0,EXPENSE,Hiburan,Dompet Tunai,2025,12,29,0,0,December,0,9.2771575450135,3,1
2025-12-29,Warung Nasi,9120.35,EXPENSE,Makan & Minum,Dompet Tunai,2025,12,29,0,0,December,0,9.118373098429352,4,1
2025-12-29,Investasi,132040.45,INCOME,Goals,Dompet Tunai,2025,12,29,0,0,December,1,11.790871167427584,2,1
2025-12-29,Gofood,1651.02,EXPENSE,Makan & Minum,Dompet Tunai,2025,12,29,0,0,December,0,7.40975406054517,4,1
2025-12-29,Belanja Mingguan,536.85,EXPENSE,Belanja,Dompet Tunai,2025,12,29,0,0,December,0,6.287579710878014,0,1
2025-12-30,Makan Malam,7365.67,EXPENSE,Makan & Minum,BCA,2025,12,30,1,0,December,0,8.90472105132632,4,0
2025-12-30,Internet,9826.23,EXPENSE,Tagihan,BCA,2025,12,30,1,0,December,0,9.19291238299339,5,0
2025-12-31,Makan Malam,16278.67,EXPENSE,Makan & Minum,Dompet Tunai,2025,12,31,2,0,December,0,9.697672369080816,4,1
2025-12-31,Internet,10184.36,EXPENSE,Tagihan,Gopay,2025,12,31,2,0,December,0,9.22870667413345,5,2
2025-12-31,Belanja Mingguan,12712.85,EXPENSE,Belanja,Gopay,2025,12,31,2,0,December,0,9.450447229408823,0,2
2025-12-31,Makan Siang,15538.97,EXPENSE,Makan & Minum,Gopay,2025,12,31,2,0,December,0,9.651170693417845,4,2
2025-12-31,Main Ke Mall,7043.79,EXPENSE,Hiburan,BCA,2025,12,31,2,0,December,0,8.860043615513769,3,0
